iteration,Trajectory,TrajectoryAlpha,TrajectorySize,EgoTrajectory,EgoTrajectoryAlpha,EgoTrajectorySize,PedestrianIntention,PedestrianIntentionSize,SemanticSegmentation,SemanticSegmentationAlpha,CarStatus,CarStatusAlpha,CoveredArea,CoveredAreaAlpha,CoveredAreaSize,OccludedCars,objective_true,objective_observed,objective_true_Trust,objective_observed_Trust,objective_true_Understanding,objective_observed_Understanding,objective_true_PerceivedSafety,objective_observed_PerceivedSafety,objective_true_Aesthetics,objective_observed_Aesthetics,objective_true_Acceptance,objective_observed_Acceptance,error_applied,error_magnitude_l2,error_magnitude_Trust,error_magnitude_Understanding,error_magnitude_PerceivedSafety,error_magnitude_Aesthetics,error_magnitude_Acceptance,acquisition,fit_time_sec,seed,run_id,error_model,jitter_std,jitter_iteration,oracle_model,objective,y_opt,best_true_so_far,regret_inst_true,regret_cum_true,simple_regret_true,regret_avg_true,dataset
1,0.5523157100434144,0.6815954407203586,0.36879371358327856,0.7675670532188853,0.23010596043378553,0.9074319870554669,0.3285769987857823,0.6811269291795776,0.6617745254753412,0.5755798101230484,0.777411379181114,0.19911479293525436,0.36545574455592755,0.6768073822159224,0.3692009391224107,0.49367964457483704,0.5894918166483244,0.5894918166483244,1.1029692460317457,1.1029692460317457,0.9288126984126984,0.9288126984126984,0.8595833333333334,0.8595833333333334,1.1937583333333335,1.1937583333333335,1.2674961640211668,1.2674961640211668,False,0.0,0.0,0.0,0.0,0.0,0.0,qnehvi,0.0,7,61e28459-4d8a-491e-8cd7-4b9f3d7d63d0,bias,0.05,20,extra_trees,multi_objective,113.16861968502332,0.5894918166483244,112.579127868375,225.15825573675,112.579127868375,225.15825573675,opticarvis
2,0.7849326144285647,0.6339463158376288,0.3116078395555166,0.8444797541421503,0.16505456237999297,0.38521453934331196,0.6006309872113883,0.15753686461837146,0.18408303485351787,0.6130341955137257,0.795254901503923,0.6559083048009429,0.5759628651679294,0.7170176883862117,0.364477967560496,0.3410557032087103,0.5894918166483244,0.5894918166483244,0.927877976190476,0.927877976190476,0.7794634920634922,0.7794634920634922,0.80375,0.80375,1.0758416666666666,1.0758416666666666,1.0464101851851855,1.0464101851851855,False,0.0,0.0,0.0,0.0,0.0,0.0,qnehvi,0.0,7,61e28459-4d8a-491e-8cd7-4b9f3d7d63d0,bias,0.05,20,extra_trees,multi_objective,113.16861968502332,0.5894918166483244,112.579127868375,450.3165114735,112.579127868375,225.15825573675,opticarvis
3,0.16715796858668266,0.3603801923819265,0.3376301882532762,0.7650896968103065,0.2832846723322939,0.27066149119738697,0.6980728731821437,0.23198392537211926,0.3295877943269254,0.9045427806222638,0.8000210283960852,0.6058355932755846,0.5818620836630108,0.8496050458923557,0.11501451756666312,0.48751770728769883,0.5894918166483244,0.5894918166483244,1.0552926587301585,1.0552926587301585,0.8906380952380952,0.8906380952380952,0.81,0.81,1.1820916666666668,1.1820916666666668,1.2065464285714307,1.2065464285714307,False,0.0,0.0,0.0,0.0,0.0,0.0,qnehvi,0.0,7,61e28459-4d8a-491e-8cd7-4b9f3d7d63d0,bias,0.05,20,extra_trees,multi_objective,113.16861968502332,0.5894918166483244,112.579127868375,675.4747672102501,112.579127868375,225.15825573675002,opticarvis
4,0.4786358727253105,0.6698032696668681,0.21440892043628318,0.8051271814249621,0.045422010247498604,0.5517022386316035,0.47093586254847775,0.22911342418470004,0.673863589412406,0.5049936561194059,0.8513028908092446,0.4219298393597804,0.5623716627262544,0.789165908859059,0.4749868479564406,0.2928083540122292,0.5894918166483244,0.5894918166483244,0.8558035714285714,0.8558035714285714,0.6952182539682541,0.6952182539682541,0.7758333333333334,0.7758333333333334,1.0166666666666666,1.0166666666666666,0.9708108465608456,0.9708108465608456,False,0.0,0.0,0.0,0.0,0.0,0.0,qnehvi,0.0,7,61e28459-4d8a-491e-8cd7-4b9f3d7d63d0,bias,0.05,20,extra_trees,multi_objective,113.16861968502332,0.5894918166483244,112.579127868375,900.6330229470002,112.579127868375,225.15825573675005,opticarvis
5,0.43627127774295793,0.38187401258311376,0.22976994165891163,0.7546263240271267,0.7419321036911677,0.4253262442842476,0.627163559675623,0.33030377430724467,0.7100886812405478,0.7305538379973296,0.7586664587216738,0.6043510047306095,0.7534986685249138,0.9440402616120888,0.4093061288197258,0.29015071663672715,2.4994451959049666,2.4994451959049666,1.4213125,1.4213125,1.291848412698413,1.291848412698413,1.0375,1.0375,1.4395916666666668,1.4395916666666668,1.6750391534391558,1.6750391534391558,False,0.0,0.0,0.0,0.0,0.0,0.0,qnehvi,0.0,7,61e28459-4d8a-491e-8cd7-4b9f3d7d63d0,bias,0.05,20,extra_trees,multi_objective,113.16861968502332,2.4994451959049666,110.66917448911835,1121.971371925237,110.66917448911835,224.3942743850474,opticarvis
6,0.2806197023039926,0.6955831507291966,0.285585546613231,0.7630701633531518,0.6777135572616091,0.737604594015,0.5814366250213463,0.3814092638966191,0.4195285698528856,0.39335212023007604,0.7484355529987213,0.6266238411985816,0.4851508965475674,0.7365386165533462,0.25696397092970935,0.592355974130331,2.7845503837196945,2.7845503837196945,1.4855168650793649,1.4855168650793649,1.3466857142857143,1.3466857142857143,1.05875,1.05875,1.4312583333333335,1.4312583333333335,1.69214166666667,1.69214166666667,False,0.0,0.0,0.0,0.0,0.0,0.0,qnehvi,0.5857251000124961,7,61e28459-4d8a-491e-8cd7-4b9f3d7d63d0,bias,0.05,20,extra_trees,multi_objective,113.16861968502332,2.7845503837196945,110.38406930130363,1342.7395105278445,110.38406930130363,223.78991842130742,opticarvis
7,0.17557505236233503,0.44231567361523416,0.09113337386274514,0.7572635517168055,0.7414109604407125,0.7494561297363669,0.5180574014686313,0.480734999515007,0.7092932592518008,0.47688683043471125,0.8088239636548592,0.4889337277681943,0.42199345223788987,0.7199185749440762,0.5296312786660526,0.6710936970486936,2.7845503837196945,2.7845503837196945,1.032639880952381,1.032639880952381,0.8299253968253968,0.8299253968253968,0.8108333333333333,0.8108333333333333,1.1612583333333335,1.1612583333333335,1.1867882275132298,1.1867882275132298,False,0.0,0.0,0.0,0.0,0.0,0.0,qnehvi,0.8200808999827132,7,61e28459-4d8a-491e-8cd7-4b9f3d7d63d0,bias,0.05,20,extra_trees,multi_objective,113.16861968502332,2.7845503837196945,110.38406930130363,1563.507649130452,110.38406930130363,223.35823559006457,opticarvis
8,0.25461943861004066,0.6980960021080485,0.08175624318246098,0.8207154435169072,0.6213457810648565,0.3680489223181227,0.513883641836295,0.6771040190537206,0.17065108657836534,0.7036297507684524,0.8309933897107296,0.36687214727830686,0.6302957147564863,0.549461984893138,0.18087643496585395,0.3987229472390189,2.7845503837196945,2.7845503837196945,1.0488789682539683,1.0488789682539683,0.8355357142857144,0.8355357142857144,0.8045833333333333,0.8045833333333333,1.2108333333333334,1.2108333333333334,1.274083994708998,1.274083994708998,False,0.0,0.0,0.0,0.0,0.0,0.0,qnehvi,0.9678547000512481,7,61e28459-4d8a-491e-8cd7-4b9f3d7d63d0,bias,0.05,20,extra_trees,multi_objective,113.16861968502332,2.7845503837196945,110.38406930130363,1784.2757877330594,110.38406930130363,223.03447346663242,opticarvis
9,0.2724195183215847,0.43040983527258536,0.4330323060137201,0.8026245601260521,0.26069446570215815,0.46670339389919185,0.7527241981690027,0.4273431713902085,0.7767918545228965,0.613539807081897,0.801264953658381,0.6411568224304182,0.6398089925748054,0.755768405407103,0.3212632110354027,0.6556351691039355,2.7845503837196945,2.7845503837196945,1.1851517857142857,1.1851517857142857,1.0471063492063495,1.0471063492063495,0.8908333333333334,0.8908333333333334,1.2908416666666669,1.2908416666666669,1.371308994708997,1.371308994708997,False,0.0,0.0,0.0,0.0,0.0,0.0,qnehvi,0.9064618999836966,7,61e28459-4d8a-491e-8cd7-4b9f3d7d63d0,bias,0.05,20,extra_trees,multi_objective,113.16861968502332,2.7845503837196945,110.38406930130363,2005.0439263356668,110.38406930130363,222.78265848174075,opticarvis
10,0.4182679951180772,0.6932378311990011,0.10542553685945187,0.7881901180845768,0.3982574412810385,0.9640832147566698,0.43866382293071154,0.6708952419403896,0.5861118401570398,0.774323731909036,0.813124948381747,0.6948071617037104,0.4092106833135007,0.6495502010214097,0.1835783470945863,0.24288650380987203,2.7845503837196945,2.7845503837196945,1.1830674603174605,1.1830674603174605,1.0094626984126986,1.0094626984126986,0.88,0.88,1.3215666666666668,1.3215666666666668,1.4322767195767243,1.4322767195767243,False,0.0,0.0,0.0,0.0,0.0,0.0,qnehvi,1.5697369000408798,7,61e28459-4d8a-491e-8cd7-4b9f3d7d63d0,bias,0.05,20,extra_trees,multi_objective,113.16861968502332,2.7845503837196945,110.38406930130363,2225.812064938274,110.38406930130363,222.5812064938274,opticarvis
11,0.29345912180025474,0.6899130809267113,0.39281565997732504,0.7562075370498552,0.46285395627094456,0.6187342094555559,0.592632210479425,0.5720330402480441,0.35409394683793094,0.9691701571016398,0.7952148793710023,0.44918343077438033,0.5793367275178996,0.5246897453839896,0.09678054398287142,0.4228598008823279,2.7845503837196945,2.7845503837196945,1.2609136904761902,1.2609136904761902,1.1280349206349207,1.1280349206349207,0.96,0.96,1.2845916666666668,1.2845916666666668,1.4199591269841296,1.4199591269841296,False,0.0,0.0,0.0,0.0,0.0,0.0,qnehvi,1.4479016000404954,7,61e28459-4d8a-491e-8cd7-4b9f3d7d63d0,bias,0.05,20,extra_trees,multi_objective,113.16861968502332,2.7845503837196945,110.38406930130363,2446.580203540881,110.38406930130363,222.4163821400801,opticarvis
12,0.639567657573452,0.6442278908890189,0.35177038493144663,0.7562880205079019,0.7001732312862052,0.8550764734719805,0.7194168382302051,0.48044133469640127,0.7361622052989683,0.2395290005443032,0.747586049393362,0.014457074090654214,0.3642743672995778,0.562360186358679,0.17409623734389404,0.500442603372605,24.348163152925768,24.348163152925768,2.276426587301587,2.276426587301587,2.131530952380952,2.131530952380952,1.35625,1.35625,1.9939666666666669,1.9939666666666669,2.729162830687827,2.729162830687827,False,0.0,0.0,0.0,0.0,0.0,0.0,qnehvi,1.7740482999943197,7,61e28459-4d8a-491e-8cd7-4b9f3d7d63d0,bias,0.05,20,extra_trees,multi_objective,113.16861968502332,24.348163152925768,88.82045653209755,2624.221116605076,88.82045653209755,218.685093050423,opticarvis
13,0.1842346254135543,0.5417606815589593,0.14167121268315955,0.8131522181739376,0.016156260444867326,0.4952875772414276,0.7465875133273663,0.490607651709125,0.6708830249050161,0.7272126102794242,0.8110613045033258,0.1367734724764964,0.5451301766692893,0.4407046165049787,0.5520417688812018,0.6964784128852872,24.348163152925768,24.348163152925768,1.0226874999999997,1.0226874999999997,0.7791333333333333,0.7791333333333333,0.7266666666666667,0.7266666666666667,1.1842750000000002,1.1842750000000002,1.2421847883597918,1.2421847883597918,False,0.0,0.0,0.0,0.0,0.0,0.0,qnehvi,1.971652999985963,7,61e28459-4d8a-491e-8cd7-4b9f3d7d63d0,bias,0.05,20,extra_trees,multi_objective,113.16861968502332,24.348163152925768,88.82045653209755,2801.862029669271,88.82045653209755,215.52784843609777,opticarvis
14,0.6960751097222981,0.295804372036262,0.2059882448741045,0.7769119487488259,0.08640827748282559,0.7266528767819163,0.6834730156392863,0.33926376103724126,0.7030193291369694,0.8381712261856612,0.7583954957325852,0.5484157906750183,0.7184508826603746,0.5324900516103724,0.41171968839429274,0.5362036220151222,24.348163152925768,24.348163152925768,1.0101617063492063,1.0101617063492063,0.8709753968253964,0.8709753968253964,0.865,0.865,1.1058416666666666,1.1058416666666666,1.132595370370371,1.132595370370371,False,0.0,0.0,0.0,0.0,0.0,0.0,qnehvi,2.723533199983649,7,61e28459-4d8a-491e-8cd7-4b9f3d7d63d0,bias,0.05,20,extra_trees,multi_objective,113.16861968502332,24.348163152925768,88.82045653209755,2979.502942733466,88.82045653209755,212.82163876667616,opticarvis
15,0.5424175567083797,0.31655724633070187,0.32614109469432473,0.8085280094701993,0.6315864614519795,0.8561571007819105,0.4727869032539683,0.6143172818719446,0.7058201146952244,0.9146060560860839,0.7619357318685661,0.01909606256478611,0.588098334744791,0.5426203027362226,0.40560801947673464,0.6888635436672172,24.348163152925768,24.348163152925768,0.8499831349206348,0.8499831349206348,0.6209357142857143,0.6209357142857143,0.68625,0.68625,1.0400083333333334,1.0400083333333334,0.9936138888888888,0.9936138888888888,False,0.0,0.0,0.0,0.0,0.0,0.0,qnehvi,2.7378169000148773,7,61e28459-4d8a-491e-8cd7-4b9f3d7d63d0,bias,0.05,20,extra_trees,multi_objective,113.16861968502332,24.348163152925768,88.82045653209755,3157.143855797661,88.82045653209755,210.47625705317742,opticarvis
16,0.39796670316513805,0.38789468837823093,0.24989097905099256,0.8110747227485188,0.07750195896897905,0.5465432979964506,0.3861241989061046,0.5741692112231741,0.6827816459830774,0.5029257459607066,0.7849230035369551,0.38583642716935584,0.3430688878114633,0.5616844860239,0.2616956501515445,0.44575913333810735,24.348163152925768,24.348163152925768,0.8155188492063491,0.8155188492063491,0.569229365079365,0.569229365079365,0.665,0.665,1.029175,1.029175,0.9727739417989418,0.9727739417989418,False,0.0,0.0,0.0,0.0,0.0,0.0,qnehvi,1.9111903000157326,7,61e28459-4d8a-491e-8cd7-4b9f3d7d63d0,bias,0.05,20,extra_trees,multi_objective,113.16861968502332,24.348163152925768,88.82045653209755,3334.7847688618563,88.82045653209755,208.42404805386602,opticarvis
17,0.21095358207921872,0.6157484682479657,0.2955425803078945,0.7750681331256193,0.05944681133809851,0.8266313477272742,0.38494051437107174,0.21766666369341528,0.24368801691635644,0.2671369291267656,0.8433905978251361,0.19254881967920728,0.39443812068649964,0.9026178820048787,0.4402011109875652,0.31094240000083817,24.348163152925768,24.348163152925768,1.0788492063492063,1.0788492063492063,0.8835317460317456,0.8835317460317456,0.8020833333333334,0.8020833333333334,1.1908333333333334,1.1908333333333334,1.352652777777781,1.352652777777781,False,0.0,0.0,0.0,0.0,0.0,0.0,qnehvi,2.581723799929023,7,61e28459-4d8a-491e-8cd7-4b9f3d7d63d0,bias,0.05,20,extra_trees,multi_objective,113.16861968502332,24.348163152925768,88.82045653209755,3512.4256819260513,88.82045653209755,206.6132754074148,opticarvis
18,0.432817203535249,0.675537964469561,0.2196653134037332,0.8164762281912123,0.07421230144417423,0.8003820374891122,0.6740720611036977,0.6841840287397012,0.5846875227887313,0.4980431281276495,0.7512956493501437,0.37100043219895923,0.6480708285528538,0.5287367939100218,0.222547896325484,0.4850118478794507,24.348163152925768,24.348163152925768,0.9317688492063491,0.9317688492063491,0.7620071428571429,0.7620071428571429,0.80625,0.80625,1.071675,1.071675,1.0803202380952392,1.0803202380952392,False,0.0,0.0,0.0,0.0,0.0,0.0,qnehvi,2.7230315000051633,7,61e28459-4d8a-491e-8cd7-4b9f3d7d63d0,bias,0.05,20,extra_trees,multi_objective,113.16861968502332,24.348163152925768,88.82045653209755,3690.0665949902464,88.82045653209755,205.00369972168036,opticarvis
19,0.6297088699747678,0.6813096558424242,0.12666953593593186,0.7634445507178597,0.6129210106258287,0.7397641469584824,0.6492081806828377,0.7993747678380932,0.7509339137874294,0.8747834850398526,0.829253818713101,0.2824961706928323,0.5827122753014229,0.525013708088016,0.5260910190271076,0.5955312055974387,24.348163152925768,24.348163152925768,1.2424404761904757,1.2424404761904757,1.0741468253968256,1.0741468253968256,0.9504166666666667,0.9504166666666667,1.3033333333333332,1.3033333333333332,1.4563035714285746,1.4563035714285746,False,0.0,0.0,0.0,0.0,0.0,0.0,qnehvi,2.6134372000815347,7,61e28459-4d8a-491e-8cd7-4b9f3d7d63d0,bias,0.05,20,extra_trees,multi_objective,113.16861968502332,24.348163152925768,88.82045653209755,3867.7075080544414,88.82045653209755,203.56355305549693,opticarvis
20,0.6127298470632692,0.4754091165313207,0.2207107507788046,0.7871603297848697,0.025557689524225064,0.8860310783130005,0.5691955155808031,0.38897447630981175,0.5055277437391275,0.777956639058662,0.7859877645689238,0.5940288482877313,0.7391681180859085,0.6432349861776062,0.1435194903751073,0.5968693013449455,24.348163152925768,24.348163152925768,0.9823442460317459,0.9823442460317459,0.7592690476190476,0.7592690476190476,0.76,0.76,1.1425083333333335,1.1425083333333335,1.1467091269841285,1.1467091269841285,False,0.0,0.0,0.0,0.0,0.0,0.0,qnehvi,2.369654200039804,7,61e28459-4d8a-491e-8cd7-4b9f3d7d63d0,bias,0.05,20,extra_trees,multi_objective,113.16861968502332,24.348163152925768,88.82045653209755,4045.3484211186365,88.82045653209755,202.26742105593183,opticarvis
21,0.7833303012695206,0.3401386819529135,0.3453205469509098,0.8280009384666203,0.7057058110787972,0.358251865028097,0.36734828542496,0.7933798948134115,0.23494981415537325,0.34335191923672936,0.8071467020598302,0.31915010455732085,0.6440965321740222,0.5285731629639095,0.6214346508611358,0.3259320588277804,24.348163152925768,24.348163152925768,1.0010228174603173,1.276162798981906,0.834425396825397,0.9553336658428309,0.8120833333333334,1.0161654539577822,1.1341750000000002,1.3014586625201314,1.0905593915343925,1.2399605721015052,True,0.4269366081844712,0.27513998152158875,0.12090826901743393,0.20408212062444891,0.16728366252013124,0.14940118056711266,qnehvi,2.034484399948269,7,61e28459-4d8a-491e-8cd7-4b9f3d7d63d0,bias,0.05,20,extra_trees,multi_objective,113.16861968502332,24.348163152925768,88.82045653209755,4222.989334182832,88.82045653209755,201.09473019918246,opticarvis
22,0.6427585006252798,0.30350369366856533,0.2561839685011515,0.7481666119368227,0.2405657051432881,0.4965031664537216,0.648659680560809,0.43444256078011134,0.19731735037758316,0.9963000663238815,0.8414558087991004,0.6553048377884481,0.36079185491770993,0.6471242894477048,0.19851235645891108,0.2798986014950027,24.348163152925768,24.348163152925768,0.8865178571428572,1.0901595742417376,0.671329365079365,0.8088358554759556,0.71375,0.9393130650883853,1.0558333333333334,1.2525379999793187,1.0426626984126985,1.4043736220856693,True,0.5298907419090251,0.20364171709888026,0.13750649039659063,0.22556306508838533,0.19670466664598527,0.3617109236729708,qnehvi,2.9375318000093102,7,61e28459-4d8a-491e-8cd7-4b9f3d7d63d0,bias,0.05,20,extra_trees,multi_objective,113.16861968502332,24.348163152925768,88.82045653209755,4400.630247247027,88.82045653209755,200.0286476021376,opticarvis
23,0.18049049880786744,0.5020873260351933,0.1256980273974823,0.7626423615039308,0.6596363177169446,0.6224284463981796,0.4085158806015144,0.5791662986887463,0.32849962416264833,0.6226450046820979,0.7752156191944413,0.3691302937147108,0.5755733685654432,0.7298833578937733,0.30215833862212754,0.612053014706484,24.348163152925768,24.348163152925768,0.8588224206349205,0.9871117994039201,0.6641301587301588,0.9132449181104716,0.705,0.8616689706926943,1.030425,1.0897023286248289,0.9850027777777774,1.1690799474616103,True,0.3747795358763093,0.1282893787689996,0.24911475938031274,0.15666897069269434,0.059277328624828846,0.1840771696838328,qnehvi,2.4467861999291927,7,61e28459-4d8a-491e-8cd7-4b9f3d7d63d0,bias,0.05,20,extra_trees,multi_objective,113.16861968502332,24.348163152925768,88.82045653209755,4578.271160311222,88.82045653209755,199.05526783961835,opticarvis
24,0.7082762715231496,0.3544414179459126,0.1306061453880356,0.7562866799669433,0.7509539139756212,0.9572406140266089,0.4295552220797891,0.781279109156016,0.2920811139368549,0.6063234297427178,0.7986644207198764,0.6543264958426103,0.24492830794916592,0.6012540735016898,0.42792494186531177,0.25071474757011236,24.348163152925768,24.348163152925768,1.102314484126984,1.2887571221717333,0.8877412698412697,1.1471441358864873,0.8016666666666666,1.0797736282965882,1.2162583333333334,1.4212966515067755,1.2865834656084685,1.540466833437177,True,0.5346883790396293,0.18644263804474925,0.2594028660452178,0.2781069616299216,0.20503831817344204,0.2538833678287086,qnehvi,2.6580308999400586,7,61e28459-4d8a-491e-8cd7-4b9f3d7d63d0,bias,0.05,20,extra_trees,multi_objective,113.16861968502332,24.348163152925768,88.82045653209755,4755.912073375417,88.82045653209755,198.16300305730906,opticarvis
25,0.3083067083618153,0.4846445537500834,0.40797326847635473,0.8215192617694365,0.6354922478577851,0.825085812273346,0.6432713845036208,0.7003012661204108,0.5892522583414099,0.7891583994224183,0.7772596055222599,0.11988749014734262,0.6475451030727201,0.5141760373609879,0.6245288621733105,0.5152005992741688,24.348163152925768,24.348163152925768,0.9683244047619047,1.2494335628433824,0.7881738095238096,0.9719059814361618,0.79125,0.9589665879585986,1.079175,1.2456141829905765,1.0894035714285721,1.2037862789315417,True,0.4262559431135972,0.28110915808147774,0.18373217191235222,0.1677165879585986,0.1664391829905765,0.11438270750296953,qnehvi,3.078322699991986,7,61e28459-4d8a-491e-8cd7-4b9f3d7d63d0,bias,0.05,20,extra_trees,multi_objective,113.16861968502332,24.348163152925768,88.82045653209755,4933.552986439612,88.82045653209755,197.3421194575845,opticarvis
26,0.36663824115868165,0.6995652205217585,0.13761775009160146,0.7966965015472793,0.0701848908689987,0.9746905854176059,0.5839820199234276,0.669297062286974,0.33857403968816624,0.841896185826913,0.8211317511973585,0.46032583571242053,0.7566558782030488,0.6700601913753681,0.3141487014274871,0.5628251414759404,24.348163152925768,24.348163152925768,1.2214484126984126,1.4646026048766185,0.9677579365079365,1.168408029214997,0.8216666666666667,1.0427190902574093,1.3733333333333333,1.6312265903145926,1.5089126984127044,1.7274251336281783,True,0.5123526238761029,0.24315419217820594,0.20065009270706038,0.22105242359074262,0.2578932569812592,0.2185124352154739,qnehvi,3.4861433000769466,7,61e28459-4d8a-491e-8cd7-4b9f3d7d63d0,bias,0.05,20,extra_trees,multi_objective,113.16861968502332,24.348163152925768,88.82045653209755,5111.193899503807,88.82045653209755,196.58438075014644,opticarvis
27,0.6841720080706369,0.42540327205460493,0.32929478849499094,0.7659386973425976,0.42293041787233465,0.8310170098632047,0.355478756137867,0.6182206877882038,0.17137967201342194,0.9667764520585094,0.7955243227074927,0.2925451370286768,0.6272565208422167,0.7223649165650775,0.5084629393628575,0.25987254838914164,24.348163152925768,24.348163152925768,0.8706081349206349,1.0060199282536526,0.6790904761904762,0.7670823086388039,0.7270833333333333,0.8808371848784905,1.0320916666666666,1.2260382816359188,1.010644312169312,1.144522821241453,True,0.324434751322449,0.13541179333301762,0.08799183244832764,0.1537538515451572,0.19394661496925208,0.133878509072141,qnehvi,3.252174700028263,7,61e28459-4d8a-491e-8cd7-4b9f3d7d63d0,bias,0.05,20,extra_trees,multi_objective,113.16861968502332,24.348163152925768,88.82045653209755,5288.834812568002,88.82045653209755,195.88277083585194,opticarvis
28,0.5131886011032902,0.5270495695813053,0.4270680257942043,0.74887629579093,0.3471292550380696,0.7299187190209973,0.5729483770409133,0.17789282993123295,0.5338857472699177,0.3795582938155929,0.765657763747358,0.6283917354101007,0.3333882227084328,0.6821739596314464,0.5204248102218791,0.5704040322824409,24.348163152925768,24.348163152925768,1.076114087301587,1.2873567765865925,0.9576023809523807,1.1529876013357419,0.8866666666666667,1.099032377846291,1.1212583333333335,1.294642058620052,1.183312962962964,1.3205183033162107,True,0.42045841057254885,0.21124268928500545,0.19538522038336117,0.2123657111796242,0.17338372528671842,0.13720534035324683,qnehvi,3.3917218999704346,7,61e28459-4d8a-491e-8cd7-4b9f3d7d63d0,bias,0.05,20,extra_trees,multi_objective,113.16861968502332,24.348163152925768,88.82045653209755,5466.475725632197,88.82045653209755,195.23127591543562,opticarvis
29,0.5073274945339653,0.6405016909438541,0.2533577963159434,0.8073629397902612,0.6277773674134347,0.7643398216907638,0.6137521165596134,0.40151046733891926,0.5119865772137606,0.5182643329136776,0.8256644646783657,0.2720628723394842,0.4845272518445079,0.857575980117698,0.36865173229613524,0.3862058783306446,24.348163152925768,24.348163152925768,0.8249007936507936,1.0084807471998432,0.6357738095238097,0.7479706911882034,0.7325,0.9188818127974483,1.01,1.160998116292182,0.9469219576719564,1.0861510597950819,True,0.3510172271324403,0.1835799535490495,0.11219688166439366,0.18638181279744823,0.1509981162921821,0.13922910212312545,qnehvi,2.83622529997956,7,61e28459-4d8a-491e-8cd7-4b9f3d7d63d0,bias,0.05,20,extra_trees,multi_objective,113.16861968502332,24.348163152925768,88.82045653209755,5644.116638696392,88.82045653209755,194.62471167918594,opticarvis
30,0.6789995098429789,0.446315904739643,0.3945145057282894,0.8239644348098122,0.34288935686279504,0.7898154260440691,0.3416244931560832,0.3905101550824689,0.701466183075631,0.6646049450690045,0.80527380148226,0.4753849495178635,0.6032045248587476,0.7574838257573336,0.31755847415921096,0.3091169435950548,24.348163152925768,24.348163152925768,0.8613998015873015,1.1075829387519118,0.6726579365079366,0.8728349758531609,0.7375,0.9156741520250506,1.029175,1.2313926020240358,0.9853453703703703,1.2203282516493956,True,0.47805012877063285,0.2461831371646104,0.20017703934522435,0.17817415202505066,0.20221760202403583,0.23498288127902542,qnehvi,3.2760754000628367,7,61e28459-4d8a-491e-8cd7-4b9f3d7d63d0,bias,0.05,20,extra_trees,multi_objective,113.16861968502332,24.348163152925768,88.82045653209755,5821.757551760587,88.82045653209755,194.05858505868625,opticarvis
31,0.34353255019578344,0.40619181745783417,0.2402926780854477,0.8454967206801935,0.27026454091198293,0.5954417108929368,0.4927043361167911,0.5195941257732255,0.7564039299533258,0.9115151356735174,0.7855151273817838,0.19087312130116624,0.7194506173235862,0.7052039226914617,0.4805812537981927,0.25415307575376356,24.348163152925768,24.348163152925768,1.0752390873015871,1.3155111792918335,0.8711698412698413,1.0549040105567213,0.80625,1.0545806091986196,1.1925083333333335,1.4708032241578861,1.257475000000003,1.4887009257019281,True,0.5329826353584408,0.24027209199024638,0.18373416928687997,0.2483306091986196,0.2782948908245526,0.23122592570192502,qnehvi,2.724922600085847,7,61e28459-4d8a-491e-8cd7-4b9f3d7d63d0,bias,0.05,20,extra_trees,multi_objective,113.16861968502332,24.348163152925768,88.82045653209755,5999.398464824782,88.82045653209755,193.5289827362833,opticarvis
32,0.7039557373378112,0.41532633237042815,0.2640534453202283,0.7648293132329487,0.32215587552155267,0.8741193850684263,0.6969670131874013,0.4470084906511532,0.6434804953599528,0.5677081872258729,0.7851015099948842,0.3903899850208969,0.3353555784034397,0.6019592023013209,0.4934967236381213,0.6019274721546788,24.348163152925768,24.348163152925768,0.889953373015873,1.101852028440518,0.7267095238095239,0.9224433084595696,0.79625,0.9487748424115778,1.0295916666666667,1.2048167397188152,1.0007964285714288,1.2650631409743673,True,0.4549915424348762,0.2118986554246451,0.1957337846500456,0.15252484241157782,0.1752250730521486,0.2642667124029384,qnehvi,3.4208320000907406,7,61e28459-4d8a-491e-8cd7-4b9f3d7d63d0,bias,0.05,20,extra_trees,multi_objective,113.16861968502332,24.348163152925768,88.82045653209755,6177.0393778889775,88.82045653209755,193.03248055903055,opticarvis
33,0.1953643544088792,0.6066763856764783,0.384344727849107,0.789720482193922,0.047876854677254395,0.7678695954473357,0.4364975189400768,0.5613106890323569,0.397988371184664,0.7105708627275744,0.7725016978058212,0.3407932548302593,0.5171717698728014,0.7850987139994279,0.1837359406551951,0.6974661151705162,24.348163152925768,24.348163152925768,0.8787132936507936,1.127367877713294,0.6514515873015873,0.9129695421564745,0.69,0.8038034961824193,1.0558416666666666,1.1906477276715706,1.0234220899470903,1.2095743773409358,True,0.44271585335939645,0.24865458406250032,0.2615179548548873,0.1138034961824194,0.134806061004904,0.1861522873938455,qnehvi,3.3287585999350995,7,61e28459-4d8a-491e-8cd7-4b9f3d7d63d0,bias,0.05,20,extra_trees,multi_objective,113.16861968502332,24.348163152925768,88.82045653209755,6354.6802909531725,88.82045653209755,192.5660694228234,opticarvis
34,0.34133203835051873,0.4121611608144297,0.17531119593039432,0.7516829748937514,0.3242105724546527,0.8329676964809735,0.6440984495783092,0.2596770711932975,0.24760776341451396,0.45871339619238727,0.828284879444941,0.34904682878551485,0.7412604075266952,0.7998747730896235,0.44080623195347507,0.6005194327116259,24.348163152925768,24.348163152925768,0.9886904761904761,1.2764942415057083,0.7802579365079365,0.9446261446953453,0.7525,0.9610634964421725,1.1508333333333334,1.3592973330677895,1.1347460317460327,1.184587593239746,True,0.4464169213615986,0.2878037653152322,0.16436820818740883,0.2085634964421725,0.20846399973445626,0.04984156149371324,qnehvi,3.507219599909149,7,61e28459-4d8a-491e-8cd7-4b9f3d7d63d0,bias,0.05,20,extra_trees,multi_objective,113.16861968502332,24.348163152925768,88.82045653209755,6532.321204017368,88.82045653209755,192.12709423580492,opticarvis
35,0.6309188419632125,0.42939656827696504,0.1755704842360169,0.7889579357700507,0.3750544217655887,0.3716790627757607,0.523931448713939,0.5589300922450462,0.24684397468665373,0.31242594270752194,0.7632708319879331,0.2026231483673419,0.7629237222183162,0.4326119685429572,0.17177979510585326,0.2999211479171237,24.348163152925768,24.348163152925768,1.3518005952380954,1.5103774355309398,1.1769714285714286,1.314729270328585,0.9275,1.0667260510907755,1.4016750000000002,1.5824236485040752,1.6065537037037059,1.7563506008452383,True,0.344408064473618,0.15857684029284447,0.13775784175715655,0.13922605109077546,0.1807486485040751,0.14979689714153233,qnehvi,4.191086099948734,7,61e28459-4d8a-491e-8cd7-4b9f3d7d63d0,bias,0.05,20,extra_trees,multi_objective,113.16861968502332,24.348163152925768,88.82045653209755,6709.962117081563,88.82045653209755,191.7132033451875,opticarvis
36,0.4576452263427503,0.27956300441711107,0.25051056120281295,0.7612947533378955,0.20670483504108017,0.8480515285454605,0.408678815472749,0.543642838864097,0.4166155687282328,0.535424850004394,0.8335983705489104,0.11507758765946777,0.7416124419738274,0.9379681043995792,0.46998482549036036,0.24225964500013547,24.348163152925768,24.348163152925768,0.9737599206349207,1.1133230735706265,0.7430357142857144,0.9202387784742666,0.70375,0.90559962256443,1.155,1.448192849658536,1.1924775132275145,1.3968489657893597,True,0.4683500906989361,0.13956315293570587,0.17720306418855222,0.2018496225644301,0.2931928496585359,0.20437145256184516,qnehvi,4.172147099976428,7,61e28459-4d8a-491e-8cd7-4b9f3d7d63d0,bias,0.05,20,extra_trees,multi_objective,113.16861968502332,24.348163152925768,88.82045653209755,6887.603030145758,88.82045653209755,191.32230639293772,opticarvis
37,0.5763137893317871,0.5462998293804877,0.3674973879963213,0.7664214881493739,0.7308379103029523,0.9166880920814608,0.37744926138877233,0.34026096837027675,0.18205272934039168,0.865149164547477,0.8443422293135223,0.7078575230420205,0.5662340854377921,0.8054669564593011,0.4761901039651419,0.5019851994890931,24.348163152925768,24.348163152925768,1.0648908730158728,1.3128398455538526,0.8855357142857141,1.0540490908455644,0.8283333333333334,1.0086174475283056,1.1891666666666667,1.4026478735968622,1.248717592592595,1.4867868538256463,True,0.4739504317433746,0.2479489725379797,0.16851337655985021,0.18028411419497214,0.21348120693019546,0.23806926123305122,qnehvi,4.113682300085202,7,61e28459-4d8a-491e-8cd7-4b9f3d7d63d0,bias,0.05,20,extra_trees,multi_objective,113.16861968502332,24.348163152925768,88.82045653209755,7065.243943209953,88.82045653209755,190.9525390056744,opticarvis
38,0.7578797131470991,0.5497240997333571,0.2048952232503462,0.7965364736225732,0.01430686577696579,0.7980405249785577,0.6370892302670502,0.4115623985738043,0.6959121117456242,0.8049868876489098,0.7810913450572068,0.055422315787392935,0.29648949637488103,0.5249127107109965,0.24573609819958855,0.4408160414164264,24.348163152925768,24.348163152925768,0.8826498015873017,1.113482949504691,0.6676579365079365,0.863988137135168,0.7304166666666667,0.9187766952601115,1.0675083333333333,1.246585023327896,1.0440398148148151,1.1789105892747695,True,0.42138768008846705,0.2308331479173893,0.19633020062723153,0.18836002859344483,0.17907668999456264,0.13487077445995443,qnehvi,4.432720400043763,7,61e28459-4d8a-491e-8cd7-4b9f3d7d63d0,bias,0.05,20,extra_trees,multi_objective,113.16861968502332,24.348163152925768,88.82045653209755,7242.884856274148,88.82045653209755,190.602233059846,opticarvis
39,0.7425397992929704,0.3995815470621069,0.41457773026651634,0.813412886673277,0.6542833649427928,0.5631383736928477,0.32768613875605224,0.6580482435773453,0.3157076577289767,0.31596951192582007,0.8317006783662215,0.49082477003009134,0.3415829208114257,0.5734329726366374,0.636691319628578,0.35154199556812865,24.348163152925768,24.348163152925768,0.9173095238095239,1.0765035251103912,0.7666031746031746,0.9933753726247088,0.7854166666666667,0.9726294653264289,1.0583333333333333,1.271389525920136,1.038025793650794,1.2156803003350738,True,0.4344779128707679,0.15919400130086722,0.22677219802153412,0.18721279865976223,0.21305619258680264,0.1776545066842798,qnehvi,4.229835700010881,7,61e28459-4d8a-491e-8cd7-4b9f3d7d63d0,bias,0.05,20,extra_trees,multi_objective,113.16861968502332,24.348163152925768,88.82045653209755,7420.525769338343,88.82045653209755,190.26989152149596,opticarvis
40,0.600867207671464,0.3317370449999352,0.38345286450983207,0.7567296118684913,0.39559452566879255,0.29370960314056765,0.5726489366912322,0.6982321104182792,0.2146485944103099,0.4210855194805858,0.8278953542217101,0.4348787097904614,0.3980292611649958,0.7838702367187504,0.3385314176107369,0.6477383750619139,24.348163152925768,24.348163152925768,1.0576210317460317,1.2618972386630287,0.8854801587301586,1.101089370193486,0.82875,0.9764032240808632,1.1891666666666667,1.389662010632804,1.2024775132275147,1.3469127145784743,True,0.4136151420138039,0.20427620691699708,0.2156092114633275,0.14765322408086323,0.20049534396613716,0.14443520135095958,qnehvi,3.618930700002238,7,61e28459-4d8a-491e-8cd7-4b9f3d7d63d0,bias,0.05,20,extra_trees,multi_objective,113.16861968502332,24.348163152925768,88.82045653209755,7598.166682402538,88.82045653209755,189.95416706006344,opticarvis
41,0.3437196130538236,0.6180265005901471,0.3166351140622208,0.819451729402904,0.2899734456894458,0.7986223131170582,0.6391074431367729,0.3889544384182614,0.17829340648481676,0.970416518545786,0.8223082178336125,0.1464179005665232,0.6330835660827621,0.5798986158834172,0.3475006990671115,0.6465072850062727,24.348163152925768,24.348163152925768,0.7496507936507936,0.952385887876364,0.4924960317460317,0.6429156995480857,0.63125,0.8486706134694159,1.0075,1.2281125437510292,0.9219312169312152,1.0657585406714427,True,0.42468283644188437,0.20273509422557046,0.15041966780205404,0.2174206134694159,0.22061254375102907,0.14382732374022755,qnehvi,3.504796399967745,7,61e28459-4d8a-491e-8cd7-4b9f3d7d63d0,bias,0.05,20,extra_trees,multi_objective,113.16861968502332,24.348163152925768,88.82045653209755,7775.807595466733,88.82045653209755,189.65384379187154,opticarvis
42,0.4411437571250404,0.40395154942827777,0.19363178358174182,0.7526437889112346,0.168271870500204,0.4663971018240254,0.40370695224186043,0.1704188379288345,0.4539310541328855,0.37333575097709404,0.825060645390064,0.6597414766607144,0.3756421801643216,0.7508735054367508,0.37054088211859776,0.2550594526057315,24.348163152925768,24.348163152925768,0.9213293650793649,1.1061521940555838,0.7363690476190476,0.9622165458267072,0.7670833333333333,1.0122907078210759,1.0716666666666668,1.3488317412820157,1.066835978835979,1.2472676311121662,True,0.5046476858068908,0.18482282897621888,0.2258474982076596,0.24520737448774263,0.27716507461534884,0.18043165227618724,qnehvi,4.100025499938056,7,61e28459-4d8a-491e-8cd7-4b9f3d7d63d0,bias,0.05,20,extra_trees,multi_objective,113.16861968502332,24.348163152925768,88.82045653209755,7953.448508530928,88.82045653209755,189.36782163168877,opticarvis
43,0.2381732506703447,0.6759285358709795,0.25646316168553324,0.8259150146807387,0.051040463212530494,0.7033739437540619,0.7138709613299228,0.7120037754056914,0.1652876399674687,0.6184834069672495,0.7846256504806652,0.543540553271275,0.2633105279138168,0.5718865293504954,0.5587976997750074,0.4518098351521638,24.348163152925768,24.348163152925768,0.8756954365079365,1.0178096560673109,0.6735111111111113,0.9150872286667129,0.7191666666666666,0.9141018183967202,1.0683416666666667,1.2923625528082163,1.0583281746031765,1.1691886883409435,True,0.42312007313299815,0.14211421955937448,0.24157611755560165,0.19493515173005366,0.22402088614154947,0.11086051373776698,qnehvi,4.0114391999086365,7,61e28459-4d8a-491e-8cd7-4b9f3d7d63d0,bias,0.05,20,extra_trees,multi_objective,113.16861968502332,24.348163152925768,88.82045653209755,8131.089421595123,88.82045653209755,189.09510282779357,opticarvis
44,0.4443329151041716,0.714110585091773,0.1989960587310035,0.7490894330815041,0.3006591817292754,0.3802082835913858,0.3629050759016066,0.510454963282496,0.7599656724177775,0.6644998235826693,0.8150377909197802,0.23144168845300994,0.5432903365424067,0.855704946363973,0.42134657239473555,0.6180209412198697,24.348163152925768,24.348163152925768,1.4991488095238095,1.6540765619879014,1.274502380952381,1.464477199413126,0.9658333333333333,1.1892807535351642,1.5015666666666667,1.7182076614188135,1.7421907407407446,1.945863964474047,True,0.44546368247112705,0.15492775246409202,0.1899748184607451,0.22344742020183092,0.21664099475214682,0.2036732237333022,qnehvi,3.70236700004898,7,61e28459-4d8a-491e-8cd7-4b9f3d7d63d0,bias,0.05,20,extra_trees,multi_objective,113.16861968502332,24.348163152925768,88.82045653209755,8308.730334659318,88.82045653209755,188.83478033316632,opticarvis
45,0.5054508045253987,0.3629970472916906,0.29691039386916174,0.7943268955553531,0.1272053424628996,0.7212018901584619,0.6922099187939965,0.2189337637847148,0.5035935445682636,0.7875662792159392,0.7883450572872391,0.19312232447336064,0.43147784719568005,0.7330810397870111,0.48127000878683346,0.4965117642138168,24.348163152925768,24.348163152925768,0.8580386904761904,1.0689930130810597,0.6451420634920635,0.8048585791998564,0.71625,0.8841713173783107,1.0383416666666667,1.1640995429756889,1.0012064814814823,1.2386827025954672,True,0.4128179495781618,0.2109543226048692,0.15971651570779288,0.16792131737831062,0.12575787630902208,0.2374762211139849,qnehvi,4.216860600048676,7,61e28459-4d8a-491e-8cd7-4b9f3d7d63d0,bias,0.05,20,extra_trees,multi_objective,113.16861968502332,24.348163152925768,88.82045653209755,8486.371247723513,88.82045653209755,188.5860277271892,opticarvis
46,0.22696373139876047,0.6454422745235948,0.4239930910227133,0.7550884276932578,0.19128036144262922,0.39507493346459327,0.7066328500125858,0.7411123533965653,0.18947453553935106,0.46748112735908043,0.7653237377636639,0.33578415075823254,0.7403642118972908,0.4584604202300051,0.16411209432420784,0.4605253915435095,24.348163152925768,24.348163152925768,1.4516597222222223,1.6423243646359926,1.349288888888889,1.6342189643529859,1.0020833333333334,1.1578351001441272,1.454591666666667,1.6018456586704475,1.7080484126984141,1.817846986793107,True,0.41897044247739956,0.19066464241377026,0.2849300754640968,0.15575176681079375,0.14725399200378064,0.10979857409469305,qnehvi,4.381763399927877,7,61e28459-4d8a-491e-8cd7-4b9f3d7d63d0,bias,0.05,20,extra_trees,multi_objective,113.16861968502332,24.348163152925768,88.82045653209755,8664.012160787708,88.82045653209755,188.3480904519067,opticarvis
47,0.48884881427830384,0.6124530341574121,0.24287845632198585,0.7591008542580178,0.2710770778488808,0.9868908689118472,0.6625356516636947,0.20630802246895533,0.6687635452483933,0.450336528288692,0.829721923148926,0.009097685745168097,0.7120682664190453,0.5121218967398827,0.33917158742206116,0.5476788242675321,24.348163152925768,24.348163152925768,0.8832936507936509,1.021941128325512,0.7175198412698413,0.9477732593979313,0.79125,0.9909212828275162,1.0216666666666667,1.1802710733207264,0.9673683862433852,1.1801143750312864,True,0.4272289717786367,0.13864747753186119,0.23025341812809008,0.19967128282751626,0.15860440665405978,0.21274598878790127,qnehvi,5.164936999906786,7,61e28459-4d8a-491e-8cd7-4b9f3d7d63d0,bias,0.05,20,extra_trees,multi_objective,113.16861968502332,24.348163152925768,88.82045653209755,8841.653073851903,88.82045653209755,188.12027816706177,opticarvis
48,0.4786969978903912,0.3480730499069676,0.131652877910588,0.7735415183517229,0.040163256745969274,0.426454169772403,0.38450418276324083,0.4410301781469216,0.38536984596759716,0.6704223733642984,0.774988820721704,0.02425133001965532,0.40832711591854,0.8574150104687044,0.2161484664340525,0.41938397007227846,24.348163152925768,24.348163152925768,0.848316468253968,0.986035443389222,0.6111738095238095,0.7635860175002835,0.6525,0.8503085853065588,1.0408416666666667,1.2622504115685989,1.0079128306878313,1.2523642501406156,True,0.4360075256977577,0.13771897513525397,0.15241220797647403,0.19780858530655884,0.2214087449019322,0.24445141945278434,qnehvi,5.52676319994498,7,61e28459-4d8a-491e-8cd7-4b9f3d7d63d0,bias,0.05,20,extra_trees,multi_objective,113.16861968502332,24.348163152925768,88.82045653209755,9019.293986916098,88.82045653209755,187.90195806075204,opticarvis
49,0.6338806074612005,0.458037100444872,0.41030795771196976,0.8373407079575318,0.23805045478703465,0.8067063190822737,0.43961255167120294,0.22192169256117084,0.43642164749516543,0.6828983071401784,0.8465835442751536,0.10434079872149976,0.6227118885416343,0.6945057463053257,0.13976142213656542,0.702756869568383,24.348163152925768,24.348163152925768,0.783142857142857,1.0418515351132829,0.5443412698412698,0.8003969934054482,0.65125,0.9021670474133535,1.0125,1.1962441708756713,0.9418313492063476,1.2262732752880865,True,0.5568870693001345,0.2587086779704258,0.2560557235641784,0.2509170474133535,0.1837441708756713,0.28444192608173885,qnehvi,4.734243800048716,7,61e28459-4d8a-491e-8cd7-4b9f3d7d63d0,bias,0.05,20,extra_trees,multi_objective,113.16861968502332,24.348163152925768,88.82045653209755,9196.934899980293,88.82045653209755,187.69254897918967,opticarvis
50,0.5966991678812222,0.3314204969472553,0.4172486845523476,0.7552698269791115,0.07103210208960486,0.5106470374687757,0.7464163236640438,0.150182679186767,0.7377757426496881,0.6901884677498712,0.7516061722759576,0.40662575119856403,0.4801240668670881,0.7460606268222321,0.5123735178745834,0.5560903322940212,24.348163152925768,24.348163152925768,1.5265109126984127,1.7285445500477334,1.418396031746032,1.6841153439604666,1.045,1.1662596467820052,1.4637583333333335,1.6418027847005647,1.7506211640211655,1.9225931656067343,True,0.43290003630631746,0.2020336373493207,0.26571931221443457,0.1212596467820053,0.17804445136723127,0.17197200158556888,qnehvi,4.85368549998384,7,61e28459-4d8a-491e-8cd7-4b9f3d7d63d0,bias,0.05,20,extra_trees,multi_objective,113.16861968502332,24.348163152925768,88.82045653209755,9374.575813044488,88.82045653209755,187.49151626088977,opticarvis
