iteration,verticalPosition,verticalWidth,horizontalWidth,r,g,b,a,blinkFrequency,volume,objective_true,objective_observed,objective_true_Trust,objective_observed_Trust,objective_true_Understanding,objective_observed_Understanding,objective_true_PerceivedSafety,objective_observed_PerceivedSafety,objective_true_Aesthetics,objective_observed_Aesthetics,objective_true_Acceptance,objective_observed_Acceptance,error_applied,error_magnitude_l2,error_magnitude_Trust,error_magnitude_Understanding,error_magnitude_PerceivedSafety,error_magnitude_Aesthetics,error_magnitude_Acceptance,acquisition,fit_time_sec,seed,run_id,error_model,jitter_std,jitter_iteration,oracle_model,objective,y_opt,best_true_so_far,regret_inst_true,regret_cum_true,simple_regret_true,regret_avg_true,dataset
1,0.6634861383027804,0.9936384216689628,0.6593554192427584,0.8942744679100145,0.934948255848108,0.6955424032695969,0.7189409365613995,0.6863744515446766,0.5534767982363872,2396.229984916429,2396.229984916429,4.410749999999998,4.410749999999998,3.63215443121693,3.63215443121693,2.1538333333333326,2.1538333333333326,6.468450854700856,6.468450854700856,6.339249999999997,6.339249999999997,False,0.0,0.0,0.0,0.0,0.0,0.0,qehvi,0.0,8,d71f970c-eba2-478c-882b-37c78934b2aa,bias,0.05,10,extra_trees,multi_objective,5402.7043954898645,2396.229984916429,3006.4744105734353,6012.948821146871,3006.4744105734353,6012.948821146871,ehmi
2,0.7394827270813584,0.6206760725423411,0.6285726242755649,0.5923657784172074,0.5969322744521554,0.9069138350775106,0.7114920940721132,0.627960252579113,0.7954514258827058,2396.229984916429,2396.229984916429,3.7780972222222218,3.7780972222222218,3.533673611111111,3.533673611111111,1.6396077626641643,1.6396077626641643,6.432057807807805,6.432057807807805,6.043855158730157,6.043855158730157,False,0.0,0.0,0.0,0.0,0.0,0.0,qehvi,0.0,8,d71f970c-eba2-478c-882b-37c78934b2aa,bias,0.05,10,extra_trees,multi_objective,5402.7043954898645,2396.229984916429,3006.4744105734353,12025.897642293741,3006.4744105734353,6012.948821146871,ehmi
3,0.802136148029228,0.8234290135300939,0.955678190224262,0.5751030559809842,0.6856935642211981,0.6423103187554062,0.5083910261622253,0.5907769686813648,0.6973342906493014,2396.229984916429,2396.229984916429,3.5525892857142853,3.5525892857142853,3.47970486111111,3.47970486111111,1.0337767094017098,1.0337767094017098,6.2751388888888915,6.2751388888888915,6.254228942652328,6.254228942652328,False,0.0,0.0,0.0,0.0,0.0,0.0,qehvi,0.0,8,d71f970c-eba2-478c-882b-37c78934b2aa,bias,0.05,10,extra_trees,multi_objective,5402.7043954898645,2396.229984916429,3006.4744105734353,18038.846463440612,3006.4744105734353,6012.948821146871,ehmi
4,0.6966553550431621,0.8083639722035005,0.7261332644135732,0.8036653337857375,0.6115299927066864,0.5669935658996895,0.664644688355877,0.5480542167640735,0.682919957333898,2396.229984916429,2396.229984916429,3.474888888888889,3.474888888888889,3.2462777777777756,3.2462777777777756,1.7208263888888882,1.7208263888888882,6.424472222222223,6.424472222222223,6.169395609318994,6.169395609318994,False,0.0,0.0,0.0,0.0,0.0,0.0,qehvi,0.0,8,d71f970c-eba2-478c-882b-37c78934b2aa,bias,0.05,10,extra_trees,multi_objective,5402.7043954898645,2396.229984916429,3006.4744105734353,24051.795284587482,3006.4744105734353,6012.948821146871,ehmi
5,0.7300896537449789,0.8594943219447571,0.9335124346677064,0.525917826258337,0.9780479553329497,0.860050712607684,0.9943867993365771,0.559388554649145,0.6875108778491498,2396.229984916429,2396.229984916429,2.7387222222222225,2.7387222222222225,3.1331909722222226,3.1331909722222226,0.1942708333333334,0.1942708333333334,5.500138888888889,5.500138888888889,5.08076388888889,5.08076388888889,False,0.0,0.0,0.0,0.0,0.0,0.0,qehvi,0.0,8,d71f970c-eba2-478c-882b-37c78934b2aa,bias,0.05,10,extra_trees,multi_objective,5402.7043954898645,2396.229984916429,3006.4744105734353,30064.744105734353,3006.4744105734353,6012.948821146871,ehmi
6,0.7087446213716242,0.9645284705089282,0.5835484367964057,0.9217017983655315,0.9716541591880604,0.7518909332596131,0.6062699169869769,0.7431808376195831,0.580420668313925,2734.0209275736906,2734.0209275736906,4.477125,4.477125,3.827430555555554,3.827430555555554,2.2240277777777777,2.2240277777777777,6.594722222222223,6.594722222222223,6.456055555555557,6.456055555555557,False,0.0,0.0,0.0,0.0,0.0,0.0,qehvi,2.749972999910824,8,d71f970c-eba2-478c-882b-37c78934b2aa,bias,0.05,10,extra_trees,multi_objective,5402.7043954898645,2734.0209275736906,2668.683467916174,35402.1110415667,2668.683467916174,5900.351840261116,ehmi
7,0.5,0.9178649826852059,0.5960445382780356,0.9657077077452322,0.9506234952026393,0.7235977015381919,0.5920653420972624,0.8013915228460237,0.5,2806.1924720217717,2806.1924720217717,4.580458333333332,4.580458333333332,3.7287847222222226,3.7287847222222226,2.242222222222221,2.242222222222221,6.342999999999999,6.342999999999999,6.156666666666666,6.156666666666666,False,0.0,0.0,0.0,0.0,0.0,0.0,qehvi,4.560920399962924,8,d71f970c-eba2-478c-882b-37c78934b2aa,bias,0.05,10,extra_trees,multi_objective,5402.7043954898645,2806.1924720217717,2596.511923468093,40595.13488850288,2596.511923468093,5799.3049840718395,ehmi
8,0.8760411552736611,1.0,0.5705737830053762,1.0,0.8935177077739926,0.8408614570195976,0.6547291918720131,0.7765342298423321,0.5,4135.892367035714,4135.892367035714,4.8758333333333335,4.8758333333333335,4.105965277777779,4.105965277777779,2.866666666666666,2.866666666666666,6.947222222222223,6.947222222222223,6.916333333333333,6.916333333333333,False,0.0,0.0,0.0,0.0,0.0,0.0,qehvi,3.579978800029494,8,d71f970c-eba2-478c-882b-37c78934b2aa,bias,0.05,10,extra_trees,multi_objective,5402.7043954898645,4135.892367035714,1266.81202845415,43128.75894541118,1266.81202845415,5391.0948681763975,ehmi
9,1.0,1.0,0.5,1.0,0.7551476853727491,0.8947715911459747,0.6790618328818503,0.9305867488355493,0.5,5050.852186254667,5050.852186254667,4.9875,4.9875,4.686347222222221,4.686347222222221,2.9361865079365077,2.9361865079365077,6.96611111111111,6.96611111111111,6.964166666666666,6.964166666666666,False,0.0,0.0,0.0,0.0,0.0,0.0,qehvi,3.3529569999082014,8,d71f970c-eba2-478c-882b-37c78934b2aa,bias,0.05,10,extra_trees,multi_objective,5402.7043954898645,5050.852186254667,351.85220923519773,43832.46336388158,351.85220923519773,4870.273707097953,ehmi
10,1.0,1.0,0.716099593128282,1.0,0.5785450029337827,1.0,0.5941533774412145,1.0,0.5,5161.663949273567,5161.663949273567,4.955472222222222,4.955472222222222,4.7797222222222215,4.7797222222222215,2.9174652777777776,2.9174652777777776,6.89625,6.89625,6.835444444444444,6.835444444444444,False,0.0,0.0,0.0,0.0,0.0,0.0,qehvi,4.530138399917632,8,d71f970c-eba2-478c-882b-37c78934b2aa,bias,0.05,10,extra_trees,multi_objective,5402.7043954898645,5161.663949273567,241.04044621629782,44314.54425631418,241.04044621629782,4431.4544256314175,ehmi
11,1.0,1.0,0.5,1.0,0.6435798250277818,0.5,0.5072593909779745,1.0,0.5,5252.794112683121,6088.055213318994,4.995,5.120624759976354,4.780902777777779,5.022019351566004,2.9834722222222223,3.0348304408402287,6.995277777777777,7.1479634419158256,6.98375,7.202318060240379,True,0.3842412758731464,0.12562475997635442,0.24111657378822499,0.05135821861800646,0.1526856641380488,0.21856806024037959,qehvi,3.9985554999439046,8,d71f970c-eba2-478c-882b-37c78934b2aa,bias,0.05,10,extra_trees,multi_objective,5402.7043954898645,5252.794112683121,149.91028280674345,44614.36482192766,149.91028280674345,4055.851347447969,ehmi
12,1.0,1.0,0.5,1.0,0.5,0.5,0.5,1.0,0.5,5257.420802790384,6227.777152266503,4.995,5.16744192419159,4.784166666666668,4.968262672330496,2.977847222222222,3.1204541170840256,6.991944444444443,7.107289746803008,6.984416666666666,7.196012177275956,True,0.3768839103339311,0.17244192419159007,0.18409600566382833,0.14260689486180333,0.11534530235856416,0.21159551060929005,qehvi,3.066207400057465,8,d71f970c-eba2-478c-882b-37c78934b2aa,bias,0.05,10,extra_trees,multi_objective,5402.7043954898645,5257.420802790384,145.28359269948032,44904.93200732662,145.28359269948032,3742.0776672772186,ehmi
13,1.0,1.0,0.5,1.0,0.5,0.5,0.5,1.0,1.0,5425.523650151723,6336.264967159751,4.984444444444444,5.208479192387393,4.920208333333334,5.0010738142154105,2.9301388888888886,3.14531030017781,6.975277777777777,7.178379906934193,6.96375,7.166238959309534,True,0.4304437059945748,0.2240347479429487,0.08086548088207644,0.21517141128892142,0.20310212915641698,0.20248895930953342,qehvi,3.9222914999118075,8,d71f970c-eba2-478c-882b-37c78934b2aa,bias,0.05,10,extra_trees,multi_objective,5402.7043954898645,5425.523650151723,0.0,44904.93200732662,0.0,3454.225539025125,ehmi
14,1.0,1.0,1.0,1.0,1.0,0.5,0.5,1.0,1.0,5425.523650151723,6383.05949092682,4.873660714285715,5.126103138362519,4.4631875,4.647339732816521,2.9713055555555545,3.2012048049030972,6.949166666666667,7.16321947211036,6.87673611111111,7.157379841990703,True,0.5244734448720738,0.25244242407680445,0.18415223281652096,0.22989924934754286,0.2140528054436935,0.28064373087959316,qehvi,4.757398199988529,8,d71f970c-eba2-478c-882b-37c78934b2aa,bias,0.05,10,extra_trees,multi_objective,5402.7043954898645,5425.523650151723,0.0,44904.93200732662,0.0,3207.495143380473,ehmi
15,1.0,0.5,0.5,1.0,0.5,0.5,0.5,1.0,1.0,5425.849703361068,6482.065122264295,4.964305555555556,5.1112853733141455,4.888159722222221,5.075636837478483,2.849444444444444,3.048596977324926,6.98361111111111,7.101878954420486,6.97236111111111,7.2307950512437165,True,0.420936873057451,0.14697981775858932,0.18747711525626268,0.1991525328804822,0.11826784330937595,0.2584339401326069,qehvi,7.087209400022402,8,d71f970c-eba2-478c-882b-37c78934b2aa,bias,0.05,10,extra_trees,multi_objective,5402.7043954898645,5425.849703361068,0.0,44904.93200732662,0.0,2993.6621338217747,ehmi
16,1.0,0.5,0.5,1.0,0.5,0.5,1.0,1.0,1.0,5430.327155053177,6619.41394836764,4.994722222222222,5.2419110571715954,4.911743055555555,5.085989392299881,2.9597916666666673,3.13123702568931,6.9897222222222215,7.254062755226823,6.987916666666667,7.169890483309135,True,0.4731257807976977,0.2471888349493732,0.17424633674432558,0.17144535902264244,0.2643405330046012,0.18197381664246726,qehvi,7.9280651999870315,8,d71f970c-eba2-478c-882b-37c78934b2aa,bias,0.05,10,extra_trees,multi_objective,5402.7043954898645,5430.327155053177,0.0,44904.93200732662,0.0,2806.558250457914,ehmi
17,1.0,0.5,1.0,1.0,1.0,0.5,0.8127325580416112,1.0,0.5,5430.327155053177,6619.41394836764,3.798680555555555,3.967963831634888,3.6910902777777763,3.8698691327762407,1.6213819444444444,1.8013932364569174,6.977222222222221,7.157467777937431,6.779694444444445,7.002261725269936,True,0.418386695122887,0.1692832760793334,0.17877885499846452,0.18001129201247307,0.18024555571521003,0.22256728082549118,qehvi,7.273542399983853,8,d71f970c-eba2-478c-882b-37c78934b2aa,bias,0.05,10,extra_trees,multi_objective,5402.7043954898645,5430.327155053177,0.0,44904.93200732662,0.0,2641.466588666272,ehmi
18,1.0,0.8000771785699695,0.5,1.0,0.5,0.5,1.0,1.0,1.0,5430.327155053177,6677.322755077323,4.992222222222223,5.210792319451118,4.896847222222222,5.06870946137874,2.9088194444444446,3.0579950311179007,6.980833333333333,7.2064690964836196,6.986805555555555,7.291067211416071,True,0.49300053260549936,0.21857009722889484,0.1718622391565176,0.14917558667345596,0.225635763150287,0.30426165586051634,qehvi,8.823747499962337,8,d71f970c-eba2-478c-882b-37c78934b2aa,bias,0.05,10,extra_trees,multi_objective,5402.7043954898645,5430.327155053177,0.0,44904.93200732662,0.0,2494.718444851479,ehmi
19,1.0,0.6615740620114293,0.5,0.6582537328635079,0.5,0.5,0.696532193018042,1.0,1.0,5430.327155053177,6677.322755077323,4.699486111111113,4.957749705423953,4.581423611111112,4.823737858085948,1.945256944444445,2.176462915938002,6.660833333333333,6.951695177813719,6.717,6.992364933833145,True,0.5824937244710141,0.2582635943128404,0.24231424697483572,0.23120597149355682,0.29086184448038666,0.2753649338331456,qehvi,9.219525099964812,8,d71f970c-eba2-478c-882b-37c78934b2aa,bias,0.05,10,extra_trees,multi_objective,5402.7043954898645,5430.327155053177,0.0,44904.93200732662,0.0,2363.417474069822,ehmi
20,1.0,1.0,0.5,1.0,0.5,0.5,0.8248986041076589,0.7401064925158877,1.0,5430.327155053177,6677.322755077323,4.965972222222222,5.229499950792489,4.541458333333333,4.6722888033985654,2.810937499999999,3.0118213464455956,6.93138888888889,7.152282413936018,6.847430555555556,7.051475820621019,True,0.4662040486622287,0.26352772857026696,0.1308304700652328,0.20088384644559662,0.22089352504712897,0.2040452650654628,qehvi,8.812629600055516,8,d71f970c-eba2-478c-882b-37c78934b2aa,bias,0.05,10,extra_trees,multi_objective,5402.7043954898645,5430.327155053177,0.0,44904.93200732662,0.0,2245.246600366331,ehmi
21,1.0,1.0,0.5,1.0,1.0,0.5,0.8561045202675391,1.0,1.0,5549.0922879067175,7109.9819141642965,4.994375,5.347828903094969,4.99875,5.273080772089403,2.9940138888888894,3.163433278943116,7.0,7.22404330352158,6.995416666666666,7.216649461057313,True,0.5727384350830138,0.35345390309496977,0.27433077208940315,0.16941939005422674,0.22404330352158022,0.22123279439064666,qehvi,7.830397099955007,8,d71f970c-eba2-478c-882b-37c78934b2aa,bias,0.05,10,extra_trees,multi_objective,5402.7043954898645,5549.0922879067175,0.0,44904.93200732662,0.0,2138.3300955869818,ehmi
22,1.0,1.0,0.5,1.0,1.0,0.5,0.5,1.0,0.9254883165431732,5555.896748185196,7117.108441610525,4.998333333333333,5.24156124078638,4.995833333333334,5.254760422333331,2.9970833333333338,3.1516796911492997,6.9961111111111105,7.259934967482811,6.988125,7.201615397116948,True,0.5150575337609868,0.24322790745304695,0.2589270889999972,0.15459635781596592,0.26382385637170014,0.2134903971169476,qehvi,9.882034400012344,8,d71f970c-eba2-478c-882b-37c78934b2aa,bias,0.05,10,extra_trees,multi_objective,5402.7043954898645,5555.896748185196,0.0,44904.93200732662,0.0,2041.133273060301,ehmi
23,1.0,0.7291602837963528,0.5,1.0,1.0,0.5,0.7737152357001441,1.0,0.9801662485827277,5556.244822217062,7117.760405908161,4.994166666666667,5.17486159006012,4.976493055555556,5.125198298302911,2.983333333333334,3.1690218979787823,6.998333333333333,7.221389641937981,6.995833333333334,7.133876703450328,True,0.3975603557227412,0.18069492339345355,0.14870524274735536,0.1856885646454486,0.22305630860464803,0.1380433701169949,qehvi,12.06520960002672,8,d71f970c-eba2-478c-882b-37c78934b2aa,bias,0.05,10,extra_trees,multi_objective,5402.7043954898645,5556.244822217062,0.0,44904.93200732662,0.0,1952.3883481446358,ehmi
24,0.8209021350555521,1.0,0.5,1.0,1.0,0.5,1.0,1.0,1.0,5556.244822217062,7117.760405908161,4.858041666666666,5.061888702106865,4.799479166666666,4.955311280449947,2.9153819444444444,3.1582201382106394,6.877083333333333,7.118665890921855,6.855847222222222,7.095838599004649,True,0.49067875739274464,0.2038470354401992,0.15583211378328116,0.24283819376619487,0.24158255758852218,0.2399913767824274,qehvi,9.194082099944353,8,d71f970c-eba2-478c-882b-37c78934b2aa,bias,0.05,10,extra_trees,multi_objective,5402.7043954898645,5556.244822217062,0.0,44904.93200732662,0.0,1871.0388336386093,ehmi
25,1.0,1.0,0.5,1.0,1.0,1.0,1.0,1.0,1.0,5561.650390749579,7117.861142145504,5.0,5.260828198553364,4.993890827922079,5.20803785011109,2.9487958054676837,3.1662330686574367,7.0,7.216011061120328,6.999791666666667,7.15181215688963,True,0.4805624492929343,0.2608281985533645,0.21414702218901072,0.21743726318975315,0.21601106112032792,0.15202049022296316,qehvi,6.51293190009892,8,d71f970c-eba2-478c-882b-37c78934b2aa,bias,0.05,10,extra_trees,multi_objective,5402.7043954898645,5561.650390749579,0.0,44904.93200732662,0.0,1796.1972802930648,ehmi
26,1.0,1.0,0.5,1.0,1.0,0.5,1.0,1.0,1.0,5564.997273645334,7122.765131696013,5.0,5.164230921896815,4.999416666666667,5.266527163467094,2.999777777777778,3.1995754168580763,7.0,7.227953997459412,7.0,7.2161666648771225,True,0.4867545189846051,0.1642309218968152,0.2671104968004275,0.1997976390802984,0.22795399745941247,0.2161666648771227,qehvi,6.22703479998745,8,d71f970c-eba2-478c-882b-37c78934b2aa,bias,0.05,10,extra_trees,multi_objective,5402.7043954898645,5564.997273645334,0.0,44904.93200732662,0.0,1727.1127695125624,ehmi
27,1.0,1.0,0.5,1.0,0.820871853464361,0.5,1.0,1.0,0.8481515661176808,5564.997273645334,7123.264750265234,4.995,5.280482436241828,4.850805555555557,5.01043921031939,2.9607638888888888,3.1877280507378285,6.98,7.076411944194364,6.973333333333334,7.12185301742089,True,0.4357168982773382,0.28548243624182784,0.15963365476383315,0.22696416184893967,0.09641194419436366,0.1485196840875563,qehvi,8.446626599994488,8,d71f970c-eba2-478c-882b-37c78934b2aa,bias,0.05,10,extra_trees,multi_objective,5402.7043954898645,5564.997273645334,0.0,44904.93200732662,0.0,1663.145629900986,ehmi
28,1.0,0.5,0.5,1.0,1.0,1.0,1.0,1.0,1.0,5564.997273645334,7140.992497833855,4.999722222222221,5.145440151811361,4.9946230158730165,5.238984630100414,2.9716835542929276,3.12224156102659,6.9994444444444435,7.278212906441153,6.998055555555555,7.21645343940476,True,0.47856401659234704,0.14571792958913926,0.24436161422739727,0.15055800673366207,0.27876846199671,0.21839788384920525,qehvi,8.702658999944106,8,d71f970c-eba2-478c-882b-37c78934b2aa,bias,0.05,10,extra_trees,multi_objective,5402.7043954898645,5564.997273645334,0.0,44904.93200732662,0.0,1603.7475716902366,ehmi
29,1.0,1.0,0.7440473448745586,1.0,0.856791127336095,0.783340623683468,0.7841859506023717,1.0,1.0,5564.997273645334,7140.992497833855,4.976527777777777,5.180630440975474,4.765902777777778,4.952024803716632,2.577013888888889,2.7773956254090844,6.467083333333332,6.67806062301251,6.459374999999999,6.687722331938515,True,0.46163412650998353,0.204102663197697,0.18612202593885366,0.2003817365201953,0.21097728967917787,0.22834733193851628,qehvi,17.141330300015397,8,d71f970c-eba2-478c-882b-37c78934b2aa,bias,0.05,10,extra_trees,multi_objective,5402.7043954898645,5564.997273645334,0.0,44904.93200732662,0.0,1548.445931287125,ehmi
30,1.0,0.5,0.5,1.0,1.0,1.0,1.0,0.5163545818295309,1.0,5564.997273645334,7140.992497833855,4.998333333333333,5.173280235880917,4.843861111111112,5.071970302916626,2.9692110013828747,3.124306930904306,6.949999999999998,7.204127546727312,6.9572222222222235,7.097535548513987,True,0.43699383175506895,0.174946902547584,0.2281091918055145,0.1550959295214312,0.25412754672731386,0.14031332629176324,qehvi,10.218633699929342,8,d71f970c-eba2-478c-882b-37c78934b2aa,bias,0.05,10,extra_trees,multi_objective,5402.7043954898645,5564.997273645334,0.0,44904.93200732662,0.0,1496.8310669108873,ehmi
31,1.0,1.0,0.5810428005060303,1.0,0.5,0.5,0.5,1.0,0.6439608544902701,5564.997273645334,7140.992497833855,4.949027777777778,5.103091197446034,4.79967361111111,5.035989880141346,2.9492569444444445,3.1230457110732175,6.916527777777777,7.040821486377968,6.891916666666666,7.026369492015507,True,0.37856299335311894,0.1540634196682551,0.23631626903023661,0.17378876662877316,0.1242937086001917,0.13445282534884112,qehvi,7.9962747999234125,8,d71f970c-eba2-478c-882b-37c78934b2aa,bias,0.05,10,extra_trees,multi_objective,5402.7043954898645,5564.997273645334,0.0,44904.93200732662,0.0,1448.5461937847297,ehmi
32,0.7266878740172779,1.0,1.0,1.0,0.5,0.5,0.5,1.0,1.0,5564.997273645334,7140.992497833855,4.520125,4.836504941643235,4.065666666666666,4.245756872901174,2.808958333333334,2.996357253893829,6.846388888888888,7.030425150727093,6.730736111111111,7.06455381659408,True,0.5594199776985964,0.316379941643235,0.18009020623450792,0.18739892056049479,0.18403626183820526,0.3338177054829695,qehvi,8.900023099966347,8,d71f970c-eba2-478c-882b-37c78934b2aa,bias,0.05,10,extra_trees,multi_objective,5402.7043954898645,5564.997273645334,0.0,44904.93200732662,0.0,1403.279125228957,ehmi
33,1.0,1.0,1.0,0.9539833265604991,1.0,0.5,1.0,1.0,1.0,5564.997273645334,7140.992497833855,4.69384226190476,4.96364818761994,4.189826388888891,4.40791220136419,2.820566964285713,3.002746304961458,6.975138888888888,7.120306842278025,6.903930555555556,7.104703113482754,True,0.46360470881010946,0.2698059257151803,0.21808581247529876,0.18217934067574507,0.14516795338913716,0.20077255792719756,qehvi,15.48853530001361,8,d71f970c-eba2-478c-882b-37c78934b2aa,bias,0.05,10,extra_trees,multi_objective,5402.7043954898645,5564.997273645334,0.0,44904.93200732662,0.0,1360.7555153735339,ehmi
34,1.0,0.5,0.5,1.0,1.0,0.6992828938669364,1.0,1.0,1.0,5564.997273645334,7193.519217685505,4.997222222222223,5.236473317805929,4.975208333333334,5.188509843321195,2.981180555555556,3.25437311920079,6.988611111111112,7.184294687784854,6.975972222222222,7.188292542206258,True,0.5106317442052665,0.23925109558370625,0.21330150998786085,0.27319256364523414,0.19568357667374245,0.21232031998403667,qehvi,12.046087900060229,8,d71f970c-eba2-478c-882b-37c78934b2aa,bias,0.05,10,extra_trees,multi_objective,5402.7043954898645,5564.997273645334,0.0,44904.93200732662,0.0,1320.733294333136,ehmi
35,1.0,1.0,1.0,1.0,1.0,0.5,0.5,1.0,0.5,5564.997273645334,7193.519217685505,4.720055555555555,5.0043784071887805,4.097868055555556,4.249806589756945,2.6101875000000003,2.692054013299349,6.832083333333333,7.078094078046827,6.749777777777779,6.991561907120536,True,0.479174060078831,0.2843228516332258,0.15193853420138884,0.08186651329934869,0.24601074471349385,0.24178412934275684,qehvi,10.061301000067033,8,d71f970c-eba2-478c-882b-37c78934b2aa,bias,0.05,10,extra_trees,multi_objective,5402.7043954898645,5564.997273645334,0.0,44904.93200732662,0.0,1282.998057352189,ehmi
36,1.0,0.5,0.5768701208412594,1.0,1.0,1.0,1.0,1.0,1.0,5564.997273645334,7193.519217685505,4.988888888888888,5.168451249388096,4.769670725108223,5.0305566033546345,2.894850694444444,3.065788073369251,6.9762698412698425,7.2320092043044,6.937172619047619,7.126536272365171,True,0.4804007548841101,0.1795623604992077,0.26088587824641146,0.17093737892480682,0.25573936303455713,0.189363653317552,qehvi,14.531050499994308,8,d71f970c-eba2-478c-882b-37c78934b2aa,bias,0.05,10,extra_trees,multi_objective,5402.7043954898645,5564.997273645334,0.0,44904.93200732662,0.0,1247.3592224257395,ehmi
37,0.8261585724695416,0.5,0.5,1.0,0.5,1.0,1.0,1.0,1.0,5564.997273645334,7193.519217685505,4.8179583333333325,5.0836762086356115,4.823313492063494,5.101625855302086,2.8266518683862434,3.049165284652629,6.8388888888888895,7.0034307265773545,6.788388888888889,6.99250069119053,True,0.5160538977605607,0.26571787530227925,0.27831236323859254,0.22251341626638566,0.1645418376884651,0.2041118023016411,qehvi,11.08566179999616,8,d71f970c-eba2-478c-882b-37c78934b2aa,bias,0.05,10,extra_trees,multi_objective,5402.7043954898645,5564.997273645334,0.0,44904.93200732662,0.0,1213.6468110088276,ehmi
38,1.0,0.5,0.5,1.0,1.0,0.5,1.0,0.5,1.0,5564.997273645334,7193.950831090198,4.9927777777777775,5.330608734472554,4.72562003968254,4.961677182919148,2.9596875,3.1973418354119216,6.994722222222221,7.221012444958414,6.97625,7.1263956181684565,True,0.5477985805709997,0.33783095669477625,0.2360571432366077,0.23765433541192194,0.22629022273619293,0.15014561816845645,qehvi,12.335372700006701,8,d71f970c-eba2-478c-882b-37c78934b2aa,bias,0.05,10,extra_trees,multi_objective,5402.7043954898645,5564.997273645334,0.0,44904.93200732662,0.0,1181.708737034911,ehmi
39,1.0,0.5,0.5,0.9615389294831681,1.0,0.5,1.0,0.5,1.0,5564.997273645334,7193.950831090198,4.9825,5.1764736476251505,4.712703373015873,4.937678047647458,2.926458333333333,3.0898309876745396,6.97625,7.18523870470354,6.944583333333333,7.18558004746344,True,0.4654951120046881,0.1939736476251509,0.22497467463158605,0.1633726543412064,0.2089887047035397,0.24099671413010662,qehvi,11.690384700079449,8,d71f970c-eba2-478c-882b-37c78934b2aa,bias,0.05,10,extra_trees,multi_objective,5402.7043954898645,5564.997273645334,0.0,44904.93200732662,0.0,1151.408513008375,ehmi
40,0.964012274294015,0.5,0.5,0.9288308741513495,0.9619690587482262,0.5,0.5,1.0,1.0,5564.997273645334,7193.950831090198,4.948375,5.178041860389035,4.840138888888891,5.024628984956309,2.798159722222222,2.9739316825210507,6.95986111111111,7.035334611140597,6.91286111111111,7.1276343199220324,True,0.41170745046070734,0.22966686038903428,0.1844900960674187,0.17577196029882847,0.07547350002948766,0.2147732088109227,qehvi,17.391518700052984,8,d71f970c-eba2-478c-882b-37c78934b2aa,bias,0.05,10,extra_trees,multi_objective,5402.7043954898645,5564.997273645334,0.0,44904.93200732662,0.0,1122.6233001831656,ehmi
41,1.0,0.5,0.5,0.5,1.0,0.5,0.5,1.0,1.0,5564.997273645334,7193.950831090198,4.829173611111111,5.058998991544014,4.689166666666667,4.769440553186125,2.210805555555556,2.441664775148575,6.709305555555555,6.885956327693167,6.6729722222222225,6.921634368588474,True,0.45342909032333867,0.2298253804329033,0.08027388651945762,0.2308592195930191,0.17665077213761174,0.24866214636625072,qehvi,10.094758599996567,8,d71f970c-eba2-478c-882b-37c78934b2aa,bias,0.05,10,extra_trees,multi_objective,5402.7043954898645,5564.997273645334,0.0,44904.93200732662,0.0,1095.2422440811372,ehmi
42,1.0,0.5,1.0,1.0,1.0,0.5,0.7154556264680644,0.5,1.0,5564.997273645334,7193.950831090198,4.497916666666667,4.696969382912209,3.909578373015874,4.142760894396732,2.7048958333333335,2.895856362305112,6.804444444444445,7.0284267083801835,6.485347222222222,6.748076975567705,True,0.4996568558502932,0.19905271624554163,0.23318252138085788,0.19096052897177843,0.2239822639357381,0.2627297533454828,qehvi,9.265864199958742,8,d71f970c-eba2-478c-882b-37c78934b2aa,bias,0.05,10,extra_trees,multi_objective,5402.7043954898645,5564.997273645334,0.0,44904.93200732662,0.0,1069.1650477934909,ehmi
43,1.0,0.5,0.5,1.0,1.0,1.0,0.5,1.0,1.0,5564.997273645334,7195.091668850208,4.99875,5.275994665236655,4.9726091269841275,5.171438458852192,2.9935704891173636,3.2133246185739854,6.9994444444444435,7.157777477933709,6.996944444444443,7.233322911998238,True,0.4956144816725159,0.27724466523665464,0.19882933186806476,0.2197541294566217,0.15833303348926525,0.23637846755379485,qehvi,9.851291200029664,8,d71f970c-eba2-478c-882b-37c78934b2aa,bias,0.05,10,extra_trees,multi_objective,5402.7043954898645,5564.997273645334,0.0,44904.93200732662,0.0,1044.3007443564331,ehmi
44,1.0,1.0,1.0,0.5,1.0,0.5,0.5,1.0,1.0,5564.997273645334,7195.091668850208,4.5934444444444456,4.85615361470843,4.038347222222223,4.219015013160783,2.6745972222222214,2.8646570060149754,6.771388888888889,6.923633727127395,6.739402777777777,6.915818394516942,True,0.4382700546905837,0.2627091702639841,0.18066779093856017,0.19005978379275415,0.1522448382385062,0.176415616739164,qehvi,10.288606200017966,8,d71f970c-eba2-478c-882b-37c78934b2aa,bias,0.05,10,extra_trees,multi_objective,5402.7043954898645,5564.997273645334,0.0,44904.93200732662,0.0,1020.5666365301505,ehmi
45,1.0,0.5,0.5,0.5,1.0,1.0,1.0,1.0,1.0,5564.997273645334,7195.091668850208,4.864756944444444,5.056208633252784,4.71986111111111,4.8617260866366765,2.376260852573354,2.5278622398058754,6.640138888888887,6.942811854142881,6.6681944444444445,6.917304449612132,True,0.48314502958175054,0.19145168880833993,0.141864975525566,0.15160138723252148,0.30267296525399384,0.24911000516768775,qehvi,8.593730800086632,8,d71f970c-eba2-478c-882b-37c78934b2aa,bias,0.05,10,extra_trees,multi_objective,5402.7043954898645,5564.997273645334,0.0,44904.93200732662,0.0,997.8873779405916,ehmi
46,1.0,0.5,0.5,1.0,0.5,0.5,1.0,0.5,0.5,5564.997273645334,7195.091668850208,4.969166666666666,5.146394140819367,4.408541666666665,4.561475266756021,2.932152777777778,3.1241319610742875,6.970277777777777,7.243628470724149,6.865069444444443,7.004270336512246,True,0.4309892807678237,0.17722747415270057,0.1529336000893565,0.19197918329650937,0.27335069294637215,0.13920089206780262,qehvi,8.309416700038128,8,d71f970c-eba2-478c-882b-37c78934b2aa,bias,0.05,10,extra_trees,multi_objective,5402.7043954898645,5564.997273645334,0.0,44904.93200732662,0.0,976.1941740723179,ehmi
47,1.0,0.5,0.5,1.0,1.0,0.5,0.5,0.5,1.0,5564.997273645334,7195.47357962733,4.993333333333333,5.093478676229988,4.552321428571428,4.714339883935207,2.9540277777777777,3.1377031156838036,6.993333333333333,7.214472757767158,6.980555555555555,7.26634074220606,True,0.4478744436614275,0.10014534289665428,0.16201845536377832,0.1836753379060258,0.2211394244338253,0.2857851866505047,qehvi,6.389602500014007,8,d71f970c-eba2-478c-882b-37c78934b2aa,bias,0.05,10,extra_trees,multi_objective,5402.7043954898645,5564.997273645334,0.0,44904.93200732662,0.0,955.4240852622685,ehmi
48,0.5,0.5,0.5,1.0,1.0,1.0,0.5,1.0,1.0,5564.997273645334,7195.47357962733,4.555944444444444,4.79861044928892,4.133472222222221,4.308086887830218,2.7119288194444446,2.8319560445320806,6.346361111111111,6.4762406428353305,6.065215277777778,6.223258073327632,True,0.3816147587566878,0.2426660048444759,0.17461466560799627,0.12002722508763618,0.12987953172421912,0.15804279554985404,qehvi,8.737427900079638,8,d71f970c-eba2-478c-882b-37c78934b2aa,bias,0.05,10,extra_trees,multi_objective,5402.7043954898645,5564.997273645334,0.0,44904.93200732662,0.0,935.5194168193046,ehmi
49,1.0,0.5,0.5,1.0,0.5,1.0,0.5,1.0,0.5,5564.997273645334,7195.47357962733,4.972847222222222,5.194370246588918,4.778923611111112,5.044018100318616,2.891271133958634,3.1128394411151854,6.97986111111111,7.157188019243062,6.953027777777776,7.193212052408681,True,0.5075168680906943,0.22152302436669694,0.26509448920750445,0.22156830715655118,0.17732690813195134,0.24018427463090491,qehvi,9.56240809999872,8,d71f970c-eba2-478c-882b-37c78934b2aa,bias,0.05,10,extra_trees,multi_objective,5402.7043954898645,5564.997273645334,0.0,44904.93200732662,0.0,916.4271838229922,ehmi
50,1.0,0.5,0.5,1.0,1.0,0.5,0.5,0.5,0.5,5565.161486509778,7195.47357962733,5.0,5.15739100488306,4.45548611111111,4.629237528150797,3.0,3.179776754806746,7.0,7.209175006233919,7.0,7.208661555103727,True,0.41782172361128966,0.15739100488306002,0.17375141703968655,0.17977675480674582,0.20917500623391935,0.20866155510372636,qehvi,9.662132899975404,8,d71f970c-eba2-478c-882b-37c78934b2aa,bias,0.05,10,extra_trees,multi_objective,5402.7043954898645,5565.161486509778,0.0,44904.93200732662,0.0,898.0986401465324,ehmi
