iteration,Trajectory,TrajectoryAlpha,TrajectorySize,EgoTrajectory,EgoTrajectoryAlpha,EgoTrajectorySize,PedestrianIntention,PedestrianIntentionSize,SemanticSegmentation,SemanticSegmentationAlpha,CarStatus,CarStatusAlpha,CoveredArea,CoveredAreaAlpha,CoveredAreaSize,OccludedCars,objective_true,objective_observed,error_applied,error_magnitude,acquisition,fit_time_sec,seed,run_id,error_model,jitter_std,jitter_iteration,oracle_model,objective,y_opt,best_true_so_far,regret_inst_true,regret_cum_true,simple_regret_true,regret_avg_true,dataset
1,0.36509219017515787,0.7226413318230226,0.19855653809432422,0.824297616129625,0.666858279440203,0.5542300880633371,0.5223857323213361,0.37902539335116114,0.22879953412888432,0.5843786731366364,0.7706664554061522,0.18389623904646704,0.32601593695745323,0.5304993650657371,0.5595268601684308,0.42857971881723583,1.005977096560845,1.005977096560845,False,0.0,qnei,0.0,8,2e39366f-2f28-4db6-bf9a-c482c2b9d0f5,bias,0.05,10,extra_trees,composite,2.6855111574074058,1.005977096560845,1.6795340608465608,1.6795340608465608,1.6795340608465608,1.6795340608465608,opticarvis
2,0.3204711637354342,0.5419953835385674,0.3049369565758465,0.8100288262293754,0.698641205765623,0.3778894816501064,0.4925966230039148,0.31966106683615103,0.1722263884029393,0.34713803290573036,0.7874320674725945,0.2812743411324938,0.5689348528433962,0.6809950336002811,0.43245169516524407,0.3288575883976547,0.9113204607583761,0.9113204607583761,False,0.0,qnei,0.0,8,2e39366f-2f28-4db6-bf9a-c482c2b9d0f5,bias,0.05,10,extra_trees,composite,2.6855111574074058,1.005977096560845,1.7741906966490295,3.45372475749559,1.6795340608465608,1.726862378747795,opticarvis
3,0.24389612323046017,0.42276603123527967,0.115630301494941,0.7817292801329625,0.35277113668195004,0.794279386010038,0.714638333461873,0.16285412452014603,0.7615468918085403,0.7767291670608666,0.8523992327289722,0.08494290214514157,0.4330193521282998,0.7101081993988541,0.5185396272644887,0.3727374782068409,1.0601805555555532,1.0601805555555532,False,0.0,qnei,0.0,8,2e39366f-2f28-4db6-bf9a-c482c2b9d0f5,bias,0.05,10,extra_trees,composite,2.6855111574074058,1.0601805555555532,1.6253306018518525,5.079055359347443,1.6253306018518525,1.6930184531158143,opticarvis
4,0.4422943751074243,0.3985522235889949,0.24715478283199288,0.7962441075965843,0.4331475694876642,0.7834462330722645,0.4345515884456026,0.5526434162835666,0.21825464986295176,0.6897340951221218,0.7944710120834687,0.09644037487275456,0.3664820688454707,0.4553736395301218,0.2878308552169507,0.4190005170200699,0.9127093496472641,0.9127093496472641,False,0.0,qnei,0.0,8,2e39366f-2f28-4db6-bf9a-c482c2b9d0f5,bias,0.05,10,extra_trees,composite,2.6855111574074058,1.0601805555555532,1.7728018077601417,6.8518571671075845,1.6253306018518525,1.7129642917768961,opticarvis
5,0.46671011722545686,0.30453088699641045,0.34644085630792876,0.7770056443462762,0.216029236078794,0.9204716395495516,0.5955116621500119,0.5716277591254438,0.49510902291516923,0.374772328535108,0.7607713375599753,0.13169157694321507,0.4137108282878871,0.5166346907664907,0.35273015030933536,0.7001185432763404,0.8537348126102275,0.8537348126102275,False,0.0,qnei,0.0,8,2e39366f-2f28-4db6-bf9a-c482c2b9d0f5,bias,0.05,10,extra_trees,composite,2.6855111574074058,1.0601805555555532,1.8317763447971782,8.683633511904763,1.6253306018518525,1.7367267023809525,opticarvis
6,0.2534236544672317,0.6758757793832767,0.08408693133945828,0.8096221836727145,0.5530628678383046,0.6566652405110625,0.6760173622759891,0.16605160127729535,0.5882933819246075,0.7795348149298071,0.8229797410097346,0.12016470727859167,0.3336605969202046,0.6499400652502031,0.6462887431426987,0.36818283215033254,0.9287800925925906,0.9287800925925906,False,0.0,qnei,0.6676978999748826,8,2e39366f-2f28-4db6-bf9a-c482c2b9d0f5,bias,0.05,10,extra_trees,composite,2.6855111574074058,1.0601805555555532,1.7567310648148151,10.440364576719578,1.6253306018518525,1.7400607627865963,opticarvis
7,0.18443448760660655,0.34833759704181194,0.0798269565154583,0.7697066983151342,0.27013445517606205,0.8617480984067732,0.774210119516617,0.1279369662064375,0.7890920832247744,0.8954533923968957,0.8536268733798772,0.04420531702305311,0.4583752060626955,0.7787644193407477,0.5245721114068387,0.3184334947787446,1.1148472222222203,1.1148472222222203,False,0.0,qnei,1.0302895000204444,8,2e39366f-2f28-4db6-bf9a-c482c2b9d0f5,bias,0.05,10,extra_trees,composite,2.6855111574074058,1.1148472222222203,1.5706639351851854,12.011028511904764,1.5706639351851854,1.7158612159863948,opticarvis
8,0.1597512352309491,0.2726936425800578,0.0798269565154583,0.7495319045357658,0.18002108880383164,0.9513381910841966,0.774210119516617,0.1279369662064375,0.7890920832247744,1.0,0.8536268733798772,0.0,0.5146601805309924,0.8170551466125421,0.34946620936035017,0.2175953367395697,1.3726249999999984,1.3726249999999984,False,0.0,qnei,1.2761513999430463,8,2e39366f-2f28-4db6-bf9a-c482c2b9d0f5,bias,0.05,10,extra_trees,composite,2.6855111574074058,1.3726249999999984,1.3128861574074073,13.32391466931217,1.3128861574074073,1.6654893336640213,opticarvis
9,0.1597512352309491,0.2726936425800578,0.0798269565154583,0.7448878700156216,0.02029441639208869,1.0,0.774210119516617,0.1279369662064375,0.7890920832247744,1.0,0.8536268733798772,0.0,0.5727952648221031,0.9618718760393399,0.2722845285717799,0.2175953367395697,1.3835694444444426,1.3835694444444426,False,0.0,qnei,1.2783643000293523,8,2e39366f-2f28-4db6-bf9a-c482c2b9d0f5,bias,0.05,10,extra_trees,composite,2.6855111574074058,1.3835694444444426,1.3019417129629631,14.625856382275133,1.3019417129629631,1.625095153586126,opticarvis
10,0.1597512352309491,0.2726936425800578,0.0798269565154583,0.7448878700156216,0.4268036542474344,1.0,0.774210119516617,0.1279369662064375,0.7890920832247744,1.0,0.8536268733798772,0.0,0.5080806795295731,0.5290187988480712,0.22593232861319676,0.2175953367395697,1.40873611111111,1.40873611111111,False,0.0,qnei,1.0613303000573069,8,2e39366f-2f28-4db6-bf9a-c482c2b9d0f5,bias,0.05,10,extra_trees,composite,2.6855111574074058,1.40873611111111,1.2767750462962957,15.902631428571429,1.2767750462962957,1.5902631428571428,opticarvis
11,0.1597512352309491,0.2726936425800578,0.0798269565154583,0.7448878700156216,0.0,0.5889313186048044,0.774210119516617,0.1279369662064375,0.7890920832247744,1.0,0.8536268733798772,0.0,0.2221382407380642,0.5257970002662387,0.22099785222690366,0.2175953367395697,1.4162916666666656,1.655564396143681,True,0.23927272947701544,qnei,1.281973300036043,8,2e39366f-2f28-4db6-bf9a-c482c2b9d0f5,bias,0.05,10,extra_trees,composite,2.6855111574074058,1.4162916666666656,1.2692194907407401,17.17185091931217,1.2692194907407401,1.5610773563011064,opticarvis
12,0.1597512352309491,0.2726936425800578,0.0798269565154583,0.7448878700156216,0.0,0.2679277562395792,0.774210119516617,0.1279369662064375,0.7890920832247744,1.0,0.8536268733798772,0.0,0.2221382407380642,0.7279455852659147,0.12388036655240517,0.2175953367395697,1.5062268518518513,1.717217884983173,True,0.21099103313132156,qnei,1.2836610999656841,8,2e39366f-2f28-4db6-bf9a-c482c2b9d0f5,bias,0.05,10,extra_trees,composite,2.6855111574074058,1.5062268518518513,1.1792843055555544,18.351135224867726,1.1792843055555544,1.529261268738977,opticarvis
13,0.1597512352309491,0.2726936425800578,0.0798269565154583,0.7448878700156216,0.0,0.2679277562395792,0.774210119516617,0.1279369662064375,0.7890920832247744,1.0,0.8536268733798772,0.3919005806513035,0.2221382407380642,0.45071077491285744,0.0587094915130822,0.2175953367395697,1.604189814814815,1.7975316450451215,True,0.1933418302303066,qnei,1.441292000003159,8,2e39366f-2f28-4db6-bf9a-c482c2b9d0f5,bias,0.05,10,extra_trees,composite,2.6855111574074058,1.604189814814815,1.0813213425925907,19.432456567460317,1.0813213425925907,1.4948043513431013,opticarvis
14,0.1597512352309491,0.2726936425800578,0.0798269565154583,0.7448878700156216,0.0,0.2679277562395792,0.39104560711814323,0.1279369662064375,0.7890920832247744,1.0,0.8536268733798772,0.7151453899405877,0.2221382407380642,0.4175908846384023,0.0587094915130822,0.2175953367395697,1.567893518518519,1.7295404464487922,True,0.16164692793027335,qnei,1.3846245999448001,8,2e39366f-2f28-4db6-bf9a-c482c2b9d0f5,bias,0.05,10,extra_trees,composite,2.6855111574074058,1.604189814814815,1.1176176388888868,20.550074206349205,1.0813213425925907,1.4678624433106575,opticarvis
15,0.5983760404097266,0.2726936425800578,0.0798269565154583,0.7448878700156216,0.0,0.2679277562395792,0.774210119516617,0.1279369662064375,0.7890920832247744,1.0,0.8536268733798772,0.7151453899405877,0.2221382407380642,0.4175908846384023,0.0587094915130822,0.2175953367395697,1.5398935185185194,1.6966873391979722,True,0.15679382067945288,qnei,1.1230126000009477,8,2e39366f-2f28-4db6-bf9a-c482c2b9d0f5,bias,0.05,10,extra_trees,composite,2.6855111574074058,1.604189814814815,1.1456176388888863,21.69569184523809,1.0813213425925907,1.446379456349206,opticarvis
16,0.1597512352309491,0.2726936425800578,0.4523576873279323,0.7448878700156216,0.0,0.2679277562395792,0.774210119516617,0.1279369662064375,0.7890920832247744,1.0,0.8536268733798772,0.5118640081899294,0.2221382407380642,0.4175908846384023,0.0587094915130822,0.2175953367395697,1.7500138888888916,1.952308186226153,True,0.20229429733726143,qnei,1.4633457000600174,8,2e39366f-2f28-4db6-bf9a-c482c2b9d0f5,bias,0.05,10,extra_trees,composite,2.6855111574074058,1.7500138888888916,0.9354972685185141,22.631189113756605,0.9354972685185141,1.4144493196097878,opticarvis
17,0.1597512352309491,0.7284398623756299,0.4523576873279323,0.7448878700156216,0.0,0.2679277562395792,0.774210119516617,0.1279369662064375,0.7890920832247744,1.0,0.8536268733798772,0.7151453899405877,0.2221382407380642,0.4175908846384023,0.0587094915130822,0.2175953367395697,1.8256898148148195,1.99082345982659,True,0.16513364501177044,qnei,0.4235026000533253,8,2e39366f-2f28-4db6-bf9a-c482c2b9d0f5,bias,0.05,10,extra_trees,composite,2.6855111574074058,1.8256898148148195,0.8598213425925862,23.49101045634919,0.8598213425925862,1.3818241444911288,opticarvis
18,0.1597512352309491,0.7284398623756299,0.4523576873279323,0.7448878700156216,0.0,0.2679277562395792,0.774210119516617,0.7895571041590037,0.7890920832247744,1.0,0.8536268733798772,0.7151453899405877,0.2221382407380642,0.4175908846384023,0.0587094915130822,0.2175953367395697,2.1502678571428606,2.3243768745296385,True,0.17410901738677778,qnei,0.6909078999888152,8,2e39366f-2f28-4db6-bf9a-c482c2b9d0f5,bias,0.05,10,extra_trees,composite,2.6855111574074058,2.1502678571428606,0.5352433002645451,24.026253756613734,0.5352433002645451,1.3347918753674297,opticarvis
19,0.1597512352309491,0.7284398623756299,0.4523576873279323,0.7448878700156216,0.0,0.2679277562395792,0.774210119516617,0.8015497523573716,0.7890920832247744,0.2023152203939266,0.8536268733798772,0.7151453899405877,0.2221382407380642,0.4175908846384023,0.0587094915130822,0.2175953367395697,2.229249338624344,2.3759545953471006,True,0.1467052567227568,qnei,2.1092092000180855,8,2e39366f-2f28-4db6-bf9a-c482c2b9d0f5,bias,0.05,10,extra_trees,composite,2.6855111574074058,2.229249338624344,0.4562618187830618,24.482515575396796,0.4562618187830618,1.2885534513366734,opticarvis
20,0.7853854374830972,0.38513507411519343,0.18432385800649906,0.7609477757583439,0.5317885339116033,0.8507579328391269,0.5543944696446654,0.3702700241246901,0.6017256020337891,0.8415251313208787,0.851891072999041,0.24740574716333458,0.6210736687757815,0.6782089637478264,0.08803688399283925,0.3559630049603183,0.9089067460317444,1.1531925029163814,True,0.24428575688463705,qnei,2.003340099938214,8,2e39366f-2f28-4db6-bf9a-c482c2b9d0f5,bias,0.05,10,extra_trees,composite,2.6855111574074058,2.229249338624344,1.7766044113756614,26.259119986772458,0.4562618187830618,1.3129559993386228,opticarvis
21,0.375952195834543,0.34724448078940046,0.25494704531808426,0.7599360742253883,0.5460290537785117,0.8545556191615779,0.49255637635209965,0.6501327674062659,0.48637951086832126,0.9260183079514451,0.8445062663322158,0.2115346770709046,0.5582937508371532,0.5734868992186266,0.3103699736771093,0.42182100067190564,0.8364345238095222,0.8910435504961773,True,0.0546090266866551,qnei,2.0514922000002116,8,2e39366f-2f28-4db6-bf9a-c482c2b9d0f5,bias,0.05,10,extra_trees,composite,2.6855111574074058,2.229249338624344,1.8490766335978837,28.108196620370343,0.4562618187830618,1.3384855533509687,opticarvis
22,0.1597512352309491,0.7284398623756299,0.4523576873279323,0.7448878700156216,0.0,0.2679277562395792,0.774210119516617,0.8015497523573716,0.7890920832247744,0.2023152203939266,0.7553898191760141,0.7151453899405877,0.2221382407380642,0.4175908846384023,0.0587094915130822,0.2175953367395697,2.511793134920642,2.7071154408768985,True,0.19532230595625621,qnei,0.9708781000226736,8,2e39366f-2f28-4db6-bf9a-c482c2b9d0f5,bias,0.05,10,extra_trees,composite,2.6855111574074058,2.511793134920642,0.1737180224867636,28.281914642857107,0.1737180224867636,1.285541574675323,opticarvis
23,0.1597512352309491,0.7284398623756299,0.4523576873279323,0.8210586449974355,0.0,0.2679277562395792,0.774210119516617,0.8015497523573716,0.7890920832247744,0.2023152203939266,0.7442738745725647,0.7151453899405877,0.2221382407380642,0.4175908846384023,0.0587094915130822,0.2175953367395697,1.719055171957673,1.9236995098393155,True,0.20464433788164255,qnei,0.884250000002794,8,2e39366f-2f28-4db6-bf9a-c482c2b9d0f5,bias,0.05,10,extra_trees,composite,2.6855111574074058,2.511793134920642,0.9664559854497328,29.24837062830684,0.1737180224867636,1.2716682881872539,opticarvis
24,0.7038409598113113,0.5689480531218318,0.4042435527044279,0.7457644341631655,0.21968463375786093,0.5140091405882947,0.6334062165879457,0.2192215249549261,0.6816100723021864,0.24879485189378947,0.767350846269388,0.11978022279568257,0.588792803305506,0.7086539137924837,0.30892176494165535,0.44022705333125545,1.523300288800705,1.7154115423448222,True,0.19211125354411726,qnei,1.8285609000595286,8,2e39366f-2f28-4db6-bf9a-c482c2b9d0f5,bias,0.05,10,extra_trees,composite,2.6855111574074058,2.511793134920642,1.1622108686067008,30.41058149691354,0.1737180224867636,1.2671075623713974,opticarvis
25,0.57977060887045,0.5528246677082591,0.1547735618043038,0.8191885641238315,0.398404838326574,0.8113395911754065,0.7579691761129903,0.151501206830341,0.70011387888854,0.709949889228188,0.8084888744885109,0.4088091832107761,0.3656074249670031,0.9129250269856177,0.6664210088084687,0.5556909303128623,0.8203259722222204,0.9929386594498825,True,0.17261268722766213,qnei,1.857719299965538,8,2e39366f-2f28-4db6-bf9a-c482c2b9d0f5,bias,0.05,10,extra_trees,composite,2.6855111574074058,2.511793134920642,1.8651851851851853,32.27576668209873,0.1737180224867636,1.291030667283949,opticarvis
26,0.331536652980058,0.6569323510301153,0.09769171240868742,0.8107372567566828,0.35366632222753147,0.863541708532264,0.5129839039583074,0.3325170225811751,0.3947867590790476,0.7000859468654232,0.782059830783581,0.1440568639296251,0.4313023798099579,0.46380712172273264,0.2888045887375507,0.3640817567714074,0.9336676829805975,1.1312273835388758,True,0.19755970055827815,qnei,1.837606000015512,8,2e39366f-2f28-4db6-bf9a-c482c2b9d0f5,bias,0.05,10,extra_trees,composite,2.6855111574074058,2.511793134920642,1.751843474426808,34.02761015652553,0.1737180224867636,1.3087542367894436,opticarvis
27,0.6956612710202901,0.5433538394044439,0.16876316749714326,0.8215696894916424,0.051886620329862125,0.47908255910737085,0.6489253736720164,0.7739369705090398,0.4170928908426069,0.6798144749183942,0.7785148430347862,0.43965669082929476,0.7543196979996625,0.5422909082557302,0.11087532242250558,0.6379373026622992,0.7855449977954125,0.855186099900011,True,0.0696411021045985,qnei,2.2309326000977308,8,2e39366f-2f28-4db6-bf9a-c482c2b9d0f5,bias,0.05,10,extra_trees,composite,2.6855111574074058,2.511793134920642,1.8999661596119932,35.927576316137525,0.1737180224867636,1.3306509746717603,opticarvis
28,0.48086742404995697,0.40612412386485747,0.2900494846645254,0.7593059833451455,0.4484141645073355,0.32306416557822437,0.5618482197568546,0.6878542734305043,0.6600299253952142,0.20479511515009272,0.7580424872224283,0.21040109889129094,0.23916068574029584,0.5582565600539405,0.5845957964918754,0.35197172647351727,1.4213875903880062,1.5806494580199537,True,0.15926186763194744,qnei,1.9613776999758556,8,2e39366f-2f28-4db6-bf9a-c482c2b9d0f5,bias,0.05,10,extra_trees,composite,2.6855111574074058,2.511793134920642,1.2641235670193995,37.19169988315692,0.1737180224867636,1.328274995827033,opticarvis
29,0.33427605338255933,0.4513225500375652,0.3873266960268655,0.8025319848564545,0.17578985188004476,0.5517260740865046,0.4765006078350038,0.6968306394603264,0.429658695785873,0.8119059728737925,0.7460088996232784,0.5764813893791402,0.36567461129793144,0.5017335731684975,0.62793059492829,0.2473597800946507,1.1499774382716026,1.350298637146702,True,0.20032119887509947,qnei,1.7323703001020476,8,2e39366f-2f28-4db6-bf9a-c482c2b9d0f5,bias,0.05,10,extra_trees,composite,2.6855111574074058,2.511793134920642,1.5355337191358032,38.72723360229273,0.1737180224867636,1.3354218483549216,opticarvis
30,0.3379090223265776,0.6019588811418446,0.13954384833094605,0.8142615486029485,0.13269997263581607,0.4345937431833494,0.5989153755413144,0.19666929965629032,0.77709049136909,0.4967522742674976,0.8097605533773248,0.6870552555138316,0.721048842267851,0.8664518759615085,0.5996235469739547,0.6550692335242243,0.9182056018518501,1.1004907538654993,True,0.1822851520136492,qnei,2.050667900010012,8,2e39366f-2f28-4db6-bf9a-c482c2b9d0f5,bias,0.05,10,extra_trees,composite,2.6855111574074058,2.511793134920642,1.7673055555555557,40.49453915784828,0.1737180224867636,1.349817971928276,opticarvis
31,0.588973563917081,0.5726724170934241,0.35894093472578303,0.8030834468633342,0.6137125581534789,0.8077925594345395,0.6130717852308933,0.6211964046162416,0.21406854887165058,0.8022057935645213,0.7835032018585216,0.36416311745843627,0.6349101828149329,0.9198728081350727,0.240607354122071,0.24674745706170637,0.8972748919753056,1.1132036039187485,True,0.21592871194344287,qnei,2.2967500000959262,8,2e39366f-2f28-4db6-bf9a-c482c2b9d0f5,bias,0.05,10,extra_trees,composite,2.6855111574074058,2.511793134920642,1.7882362654321002,42.28277542328038,0.1737180224867636,1.3639604975251733,opticarvis
32,0.6380805246811292,0.45477255036127684,0.22708932133547288,0.829912505366351,0.21048427405177889,0.5052191308040546,0.6985823773380664,0.6225242622082987,0.664733419960942,0.8080188935055824,0.8005505754023423,0.40695927731889414,0.6564472589170876,0.7039189114280662,0.12695041720622346,0.42402103599698915,0.782540368165783,0.9589259352621539,True,0.17638556709637088,qnei,2.136904599959962,8,2e39366f-2f28-4db6-bf9a-c482c2b9d0f5,bias,0.05,10,extra_trees,composite,2.6855111574074058,2.511793134920642,1.9029707892416228,44.185746212522,0.1737180224867636,1.3808045691413124,opticarvis
33,0.21143934087880414,0.3122843271983825,0.11266592007019277,0.7586647804197189,0.4480558636847426,0.579527099274056,0.42066901334267226,0.1914545352625509,0.45916041288321646,0.9451437393992653,0.7464809101731331,0.712252432142804,0.31775398066383936,0.44122689766948675,0.0762221229279676,0.510083646875641,1.3962389462081113,1.6598820385592647,True,0.2636430923511535,qnei,2.1771822000155225,8,2e39366f-2f28-4db6-bf9a-c482c2b9d0f5,bias,0.05,10,extra_trees,composite,2.6855111574074058,2.511793134920642,1.2892722111992945,45.475018423721295,0.1737180224867636,1.3780308613248877,opticarvis
34,0.7613717780985786,0.6789032000005919,0.1848666370723794,0.8019190852379516,0.08936129778892538,0.2693745901817118,0.6032579121912833,0.6935739284887883,0.47884783634490957,0.8014457477760236,0.8308342793898225,0.4190892844863519,0.5904185614793177,0.6052522142752519,0.3803836132063747,0.450301954711662,0.9215224867724837,1.0470621340341788,True,0.12553964726169511,qnei,1.7070838999934494,8,2e39366f-2f28-4db6-bf9a-c482c2b9d0f5,bias,0.05,10,extra_trees,composite,2.6855111574074058,2.511793134920642,1.7639886706349222,47.23900709435622,0.1737180224867636,1.3893825615987123,opticarvis
35,0.2942540831748418,0.34402643381947634,0.16007206050348594,0.7737190348656823,0.7498691011097988,0.9738850064461481,0.4289036426031316,0.6338392345341921,0.3508450688403643,0.8430279117991362,0.8422744522482466,0.48474498188113474,0.262328262106389,0.9766829109336439,0.6506403548660069,0.6643115272439596,0.8397123015872988,0.9986364385698834,True,0.1589241369825845,qnei,2.6011301999678835,8,2e39366f-2f28-4db6-bf9a-c482c2b9d0f5,bias,0.05,10,extra_trees,composite,2.6855111574074058,2.511793134920642,1.845798855820107,49.084805950176325,0.1737180224867636,1.402423027147895,opticarvis
36,0.3203552153127923,0.7211730433930242,0.2858699328192429,0.769601122842919,0.4025654134080514,0.8125038856919579,0.556911515484829,0.2965098197288746,0.47089573320193984,0.506529337231369,0.8246325943075491,0.5701545420170563,0.6058146387226567,0.41759106634600585,0.33777189238967,0.6058338911257782,1.197971560846559,1.354183752559549,True,0.15621219171299,qnei,1.9473699000664055,8,2e39366f-2f28-4db6-bf9a-c482c2b9d0f5,bias,0.05,10,extra_trees,composite,2.6855111574074058,2.511793134920642,1.4875395965608467,50.57234554673717,0.1737180224867636,1.4047873762982546,opticarvis
37,0.6232197226769269,0.622383384041197,0.2967979887859808,0.8190141863939193,0.19636345100093203,0.7819298554076571,0.6640586940081745,0.26134497082568264,0.21112646589644318,0.6853221842557725,0.8434863254120535,0.11829800267278079,0.4642875820875385,0.950796677045391,0.4206009192476977,0.3880679113975386,0.7604623015873001,0.9611994991791176,True,0.20073719759181755,qnei,2.5269129999214783,8,2e39366f-2f28-4db6-bf9a-c482c2b9d0f5,bias,0.05,10,extra_trees,composite,2.6855111574074058,2.511793134920642,1.9250488558201058,52.497394402557276,0.1737180224867636,1.4188484973664128,opticarvis
38,0.3761155713692425,0.7035542815954354,0.18415672843259873,0.7537628154652269,0.6133974161524406,0.3257760374898172,0.7277051393419118,0.14077055907186392,0.5361550109118276,0.7710510473509032,0.8326889493968695,0.12505881255321083,0.7025137584965006,0.7857478508683351,0.45035905874101834,0.6714406645474962,1.4416898148148136,1.6423667748922641,True,0.2006769600774505,qnei,2.7208336999174207,8,2e39366f-2f28-4db6-bf9a-c482c2b9d0f5,bias,0.05,10,extra_trees,composite,2.6855111574074058,2.511793134920642,1.2438213425925921,53.741215745149866,0.1737180224867636,1.414242519609207,opticarvis
39,0.16500526417498923,0.48234440279409474,0.18655532765698996,0.7640858107156361,0.2517030176553639,0.7911405595479529,0.7086482146425341,0.5120631511544309,0.2003704315285968,0.2848226107413006,0.7748981783432785,0.033930438117522374,0.26156747583527656,0.6492092178052787,0.3740308231943418,0.4199879611457935,1.028447775573191,1.1895783254228283,True,0.16113054984963737,qnei,1.5912384999683127,8,2e39366f-2f28-4db6-bf9a-c482c2b9d0f5,bias,0.05,10,extra_trees,composite,2.6855111574074058,2.511793134920642,1.6570633818342149,55.39827912698408,0.1737180224867636,1.4204686955636943,opticarvis
40,0.19226752926408439,0.5125856147990695,0.13847249140429144,0.7519417860942823,0.43492701884955715,0.8815989276147345,0.3893218045581448,0.34533848185488913,0.6780243268731984,0.4763459604357102,0.783164671625192,0.14471918251835977,0.6628030453933822,0.6969028809027262,0.4426127409879926,0.5746237134169792,0.9778875903880053,1.2578090091088285,True,0.27992141872082327,qnei,2.5053861999185756,8,2e39366f-2f28-4db6-bf9a-c482c2b9d0f5,bias,0.05,10,extra_trees,composite,2.6855111574074058,2.511793134920642,1.7076235670194004,57.10590269400348,0.1737180224867636,1.427647567350087,opticarvis
41,0.3540625207546484,0.6217536124599207,0.3827630170572672,0.7735031975897677,0.6726318303141409,0.970382048005767,0.3856141437564567,0.4761797515899283,0.37388145382179155,0.25931125002858846,0.7510389716760809,0.32716287764588464,0.513756358250617,0.5335304635825082,0.5222006731003073,0.6865078323386087,1.2454454607583763,1.4104663761223932,True,0.16502091536401697,qnei,2.225868400069885,8,2e39366f-2f28-4db6-bf9a-c482c2b9d0f5,bias,0.05,10,extra_trees,composite,2.6855111574074058,2.511793134920642,1.4400656966490295,58.54596839065251,0.1737180224867636,1.4279504485525003,opticarvis
42,0.5110827645252409,0.3539884183117538,0.17082406586664278,0.8141658492662368,0.3135198908913215,0.3654912724178196,0.49814395204453443,0.5869711302147497,0.28804455771228077,0.8022084746972715,0.7494886631965424,0.5766313855649301,0.5138422039599242,0.5831860008939889,0.37920580169910445,0.5885230074571091,0.8512024052028199,1.0295142811917777,True,0.17831187598895784,qnei,2.648732000030577,8,2e39366f-2f28-4db6-bf9a-c482c2b9d0f5,bias,0.05,10,extra_trees,composite,2.6855111574074058,2.511793134920642,1.8343087522045858,60.380277142857096,0.1737180224867636,1.4376256462585022,opticarvis
43,0.639706180647083,0.3291921232994795,0.2591919687813207,0.8071798725287621,0.2211082316027445,0.9913158512249928,0.7704402225130494,0.32746995909236265,0.5625497086592504,0.6415598224804544,0.7586496796802553,0.25168404753825563,0.7300150333597634,0.6869020231054991,0.25969278468531587,0.6808302408268725,0.810230182980598,0.9848753280858717,True,0.17464514510527368,qnei,2.486994400038384,8,2e39366f-2f28-4db6-bf9a-c482c2b9d0f5,bias,0.05,10,extra_trees,composite,2.6855111574074058,2.511793134920642,1.8752809744268077,62.255558117283904,0.1737180224867636,1.4478036771461373,opticarvis
44,0.17389725106653445,0.38066828275674675,0.27410987295977535,0.8355465554657664,0.6710972757946901,0.47916952142972086,0.48458719898913893,0.5411015594520056,0.7100478514145765,0.2438421214347663,0.7686086219706278,0.2490765266695772,0.7404829462013816,0.925793914746471,0.5528011591887103,0.5433313008397838,0.9731190718694859,1.0793463123088594,True,0.10622724043937337,qnei,2.721908100065775,8,2e39366f-2f28-4db6-bf9a-c482c2b9d0f5,bias,0.05,10,extra_trees,composite,2.6855111574074058,2.511793134920642,1.7123920855379198,63.967950202821825,0.1737180224867636,1.4538170500641323,opticarvis
45,0.1782897370112528,0.37423959626145376,0.37630641757572264,0.774115830476419,0.4259914457352883,0.6608655653946234,0.3750956957630748,0.557917555711723,0.6489841811911514,0.39287186757975257,0.8186509181351685,0.4235633180650079,0.6072464896628047,0.7669348756371395,0.5908335792635377,0.6452669536259541,0.8687088293650779,1.0438354395600937,True,0.17512661019501582,qnei,2.482616599998437,8,2e39366f-2f28-4db6-bf9a-c482c2b9d0f5,bias,0.05,10,extra_trees,composite,2.6855111574074058,2.511793134920642,1.816802328042328,65.78475253086415,0.1737180224867636,1.461883389574759,opticarvis
46,0.5847014176494345,0.5834229153998883,0.36075417798383913,0.8192318730669438,0.001082015523628021,0.7098468410235288,0.7587865791379391,0.7545503221867568,0.3414495099188164,0.633251529205581,0.8447451395036688,0.3345994892475402,0.7491600347605898,0.51880049942579,0.5635694619985159,0.38288946481368685,0.8195178571428552,1.0568699058264996,True,0.23735204868364446,qnei,2.324038599967025,8,2e39366f-2f28-4db6-bf9a-c482c2b9d0f5,bias,0.05,10,extra_trees,composite,2.6855111574074058,2.511793134920642,1.8659933002645506,67.6507458311287,0.1737180224867636,1.4706683876332327,opticarvis
47,0.43024842558693654,0.30890193444964964,0.27489761379313254,0.8439976528425438,0.2542967977902056,0.5740852019663673,0.3851146006787379,0.6456674946150116,0.47846110703657846,0.5700598126098991,0.8513036862386933,0.5270730824298886,0.3844442910596995,0.4786075488336343,0.5226688157495822,0.2698971353096324,0.8806474867724842,1.055127655751018,True,0.17448016897853402,qnei,2.639123999979347,8,2e39366f-2f28-4db6-bf9a-c482c2b9d0f5,bias,0.05,10,extra_trees,composite,2.6855111574074058,2.511793134920642,1.8048636706349215,69.45560950176362,0.1737180224867636,1.4777789255694387,opticarvis
48,0.6271171585203189,0.5628962804274984,0.15307285195973794,0.7513771743196663,0.2737833944663459,0.8347881265279214,0.7682362865134676,0.7932932531708264,0.45244779277443975,0.2896486526632889,0.7742650053501084,0.6675426432041277,0.3389797630320711,0.6380291031544645,0.4097702951543895,0.47275958823810543,1.2760727755731907,1.4824981602462362,True,0.20642538467304553,qnei,2.4481127000181004,8,2e39366f-2f28-4db6-bf9a-c482c2b9d0f5,bias,0.05,10,extra_trees,composite,2.6855111574074058,2.511793134920642,1.409438381834215,70.86504788359784,0.1737180224867636,1.4763551642416217,opticarvis
49,0.6813530388768412,0.4520653628220622,0.32775820770679676,0.819854480449332,0.03198371747776791,0.7661627291442314,0.709400431684839,0.22885926050321154,0.7399894825951323,0.5990010590104101,0.8063346895565032,0.18187685675142065,0.7342190295385056,0.9087546568618827,0.2872044837658402,0.5491421048203028,0.8141933664021146,1.0673409797984847,True,0.2531476133963701,qnei,2.569959399988875,8,2e39366f-2f28-4db6-bf9a-c482c2b9d0f5,bias,0.05,10,extra_trees,composite,2.6855111574074058,2.511793134920642,1.8713177910052912,72.73636567460314,0.1737180224867636,1.484415626012309,opticarvis
50,0.4068784307047978,0.385180420731853,0.3849993651193919,0.746546931909394,0.41689771618380483,0.641963115682924,0.46327843334989516,0.7335434783304863,0.4272908771440727,0.6844031166133412,0.8189229461662098,0.17068654612614884,0.5819475718553915,0.9794141931789628,0.34873712334863133,0.7008326815911212,1.0132389219576696,1.300149184841702,True,0.2869102628840323,qnei,3.3023910999763757,8,2e39366f-2f28-4db6-bf9a-c482c2b9d0f5,bias,0.05,10,extra_trees,composite,2.6855111574074058,2.511793134920642,1.6722722354497361,74.40863791005287,0.1737180224867636,1.4881727582010575,opticarvis
