iteration,x0,x1,x2,x3,objective_true,objective_observed,objective_true_deployed,input_error_l2,input_error_applied,error_applied,error_magnitude,acquisition,fit_time_sec,acq_opt_failed,seed,run_id,error_model,jitter_std,jitter_iteration,oracle_model,objective,observation_noise,known_noise_var,param_columns,y_opt,best_true_so_far,regret_inst_true,regret_cum_true,simple_regret_true,regret_avg_true,inference_value_true,inference_simple_regret_true,dataset
1,-371.4297972308004,-0.7221375598850273,101.49835762335749,-471.31099162805543,-0.8918499759923152,-0.8918499759923152,-0.8918499759923152,0.0,False,True,0.0,qucb,0.0,False,11,88b8c23c-8ad6-4e20-b4b6-b367126a1be1,misclick,0.4,0,exact,value,learned,1e-06,"x0,x1,x2,x3",4.328390371778852,-0.8918499759923152,5.220240347771167,5.220240347771167,5.220240347771167,5.220240347771167,-0.8918499759923152,5.220240347771167,schwefel
2,-352.0739154225441,428.2110229603695,-429.57942384580315,-370.226050600702,-0.27994160524838874,-0.27994160524838874,-0.27994160524838874,0.0,False,True,0.0,qucb,0.0,False,11,88b8c23c-8ad6-4e20-b4b6-b367126a1be1,misclick,0.4,0,exact,value,learned,1e-06,"x0,x1,x2,x3",4.328390371778852,-0.27994160524838874,4.608331977027241,9.828572324798408,4.608331977027241,4.914286162399204,-0.27994160524838874,4.608331977027241,schwefel
3,448.3284532917751,121.8835927963828,-131.00687627020903,11.390021803262641,0.8278653217722474,0.8278653217722474,0.8278653217722474,0.0,False,True,0.0,qucb,0.0,False,11,88b8c23c-8ad6-4e20-b4b6-b367126a1be1,misclick,0.4,0,exact,value,learned,1e-06,"x0,x1,x2,x3",4.328390371778852,0.8278653217722474,3.5005250500066047,13.329097374805013,3.5005250500066047,4.443032458268338,0.8278653217722474,3.5005250500066047,schwefel
4,162.8429525167993,-224.69118423887068,-362.03192713304463,288.0395945039919,-1.9818485977844795,-1.9818485977844795,-1.1748409618089777,966.8065434823734,True,True,0.0,qucb,0.0,False,11,88b8c23c-8ad6-4e20-b4b6-b367126a1be1,misclick,0.4,0,exact,value,learned,1e-06,"x0,x1,x2,x3",4.328390371778852,0.8278653217722474,6.310238969563331,19.639336344368346,3.5005250500066047,4.909834086092086,0.8278653217722474,3.5005250500066047,schwefel
5,170.3605841024838,12.382313483160488,316.73643596965803,49.07526887002632,0.5750446007749067,0.5750446007749067,-0.433117793205971,684.9681747841291,True,True,0.0,qucb,0.0,False,11,88b8c23c-8ad6-4e20-b4b6-b367126a1be1,misclick,0.4,0,exact,value,learned,1e-06,"x0,x1,x2,x3",4.328390371778852,0.8278653217722474,3.753345771003945,23.392682115372292,3.5005250500066047,4.678536423074458,0.8278653217722474,3.5005250500066047,schwefel
6,-96.33658820801577,254.37736266866938,290.6502151415442,-105.5387687995057,-0.5886319144346223,-0.5886319144346223,-0.5886319144346223,0.0,False,True,0.0,qucb,0.43959690001793206,False,11,88b8c23c-8ad6-4e20-b4b6-b367126a1be1,misclick,0.4,0,exact,value,learned,1e-06,"x0,x1,x2,x3",4.328390371778852,0.8278653217722474,4.9170222862134745,28.309704401585766,3.5005250500066047,4.718284066930961,0.8278653217722474,3.5005250500066047,schwefel
7,500.0,-423.54478602962575,-317.2503423227201,4.432223984248068,-0.8306883534309994,-0.8306883534309994,-0.8306883534309994,0.0,False,True,0.0,qucb,0.3580634000245482,False,11,88b8c23c-8ad6-4e20-b4b6-b367126a1be1,misclick,0.4,0,exact,value,learned,1e-06,"x0,x1,x2,x3",4.328390371778852,0.8278653217722474,5.159078725209851,33.468783126795614,3.5005250500066047,4.781254732399374,0.8278653217722474,3.5005250500066047,schwefel
8,500.0,270.8903508680189,323.1555426076352,83.10808260485344,-0.47948568918817,-0.47948568918817,-1.5180810206795121,890.6009561416104,True,True,0.0,qucb,0.4259135000174865,False,11,88b8c23c-8ad6-4e20-b4b6-b367126a1be1,misclick,0.4,0,exact,value,learned,1e-06,"x0,x1,x2,x3",4.328390371778852,0.8278653217722474,4.807876060967022,38.27665918776263,3.5005250500066047,4.784582398470329,0.8278653217722474,3.5005250500066047,schwefel
9,107.58874424407365,90.19913899223197,-279.41550477397914,226.9559314386367,0.7191238223105463,0.7191238223105463,0.7191238223105463,0.0,False,True,0.0,qucb,0.38602129998616874,False,11,88b8c23c-8ad6-4e20-b4b6-b367126a1be1,misclick,0.4,0,exact,value,learned,1e-06,"x0,x1,x2,x3",4.328390371778852,0.8278653217722474,3.6092665494683054,41.885925737230934,3.5005250500066047,4.653991748581215,0.8278653217722474,3.5005250500066047,schwefel
10,500.0,91.16970787334776,500.0,290.756505328359,-0.2721300846766761,-0.2721300846766761,-1.693450000650172,567.6544668916302,True,True,0.0,qucb,0.3943164999363944,False,11,88b8c23c-8ad6-4e20-b4b6-b367126a1be1,misclick,0.4,0,exact,value,learned,1e-06,"x0,x1,x2,x3",4.328390371778852,0.8278653217722474,4.600520456455528,46.48644619368646,3.5005250500066047,4.648644619368646,0.8278653217722474,3.5005250500066047,schwefel
11,500.0,26.053127823957375,-368.4904511372802,-3.3301562219120857,-0.8601613720306013,-0.8601613720306013,-0.8601613720306013,0.0,False,True,0.0,qucb,0.4335617000469938,False,11,88b8c23c-8ad6-4e20-b4b6-b367126a1be1,misclick,0.4,0,exact,value,learned,1e-06,"x0,x1,x2,x3",4.328390371778852,0.8278653217722474,5.1885517438094535,51.67499793749592,3.5005250500066047,4.6977270852269015,0.8278653217722474,3.5005250500066047,schwefel
12,-380.64660543687376,89.44368380634906,35.23399759810234,229.43135681234872,-0.326508631254622,-0.326508631254622,-0.326508631254622,0.0,False,True,0.0,qucb,0.5228665999602526,False,11,88b8c23c-8ad6-4e20-b4b6-b367126a1be1,misclick,0.4,0,exact,value,learned,1e-06,"x0,x1,x2,x3",4.328390371778852,0.8278653217722474,4.654899003033474,56.329896940529395,3.5005250500066047,4.694158078377449,0.8278653217722474,3.5005250500066047,schwefel
13,235.65400837082385,105.00014323444618,13.306468971012137,450.34427144598925,0.8068461403593817,0.8068461403593817,0.8068461403593817,0.0,False,True,0.0,qucb,0.4425018000183627,False,11,88b8c23c-8ad6-4e20-b4b6-b367126a1be1,misclick,0.4,0,exact,value,learned,1e-06,"x0,x1,x2,x3",4.328390371778852,0.8278653217722474,3.5215442314194703,59.85144117194886,3.5005250500066047,4.603957013226836,0.8278653217722474,3.5005250500066047,schwefel
14,192.48483716283843,214.96559512770585,-251.70047142933532,159.67061640647265,1.0909760783242322,1.0909760783242322,1.0909760783242322,0.0,False,True,0.0,qucb,0.3738630999578163,False,11,88b8c23c-8ad6-4e20-b4b6-b367126a1be1,misclick,0.4,0,exact,value,learned,1e-06,"x0,x1,x2,x3",4.328390371778852,1.0909760783242322,3.23741429345462,63.08885546540348,3.23741429345462,4.506346818957391,1.0909760783242322,3.23741429345462,schwefel
15,138.66337560657522,179.20925347905538,-150.06465816892018,-500.0,0.6709208178940276,0.6709208178940276,0.6709208178940276,0.0,False,True,0.0,qucb,0.3854124000063166,False,11,88b8c23c-8ad6-4e20-b4b6-b367126a1be1,misclick,0.4,0,exact,value,learned,1e-06,"x0,x1,x2,x3",4.328390371778852,1.0909760783242322,3.657469553884824,66.7463250192883,3.23741429345462,4.4497550012858875,1.0909760783242322,3.23741429345462,schwefel
16,-256.9199977188555,200.2472732202957,-373.3341250807293,500.0,-0.17872085016672903,-0.17872085016672903,-0.17872085016672903,0.0,False,True,0.0,qucb,0.3724471000023186,False,11,88b8c23c-8ad6-4e20-b4b6-b367126a1be1,misclick,0.4,0,exact,value,learned,1e-06,"x0,x1,x2,x3",4.328390371778852,1.0909760783242322,4.507111221945581,71.25343624123389,3.23741429345462,4.453339765077118,1.0909760783242322,3.23741429345462,schwefel
17,470.500237300563,271.3599081338264,-296.145690511024,-200.50536492018418,0.11915462299409339,0.11915462299409339,0.11915462299409339,0.0,False,True,0.0,qucb,0.33955510007217526,False,11,88b8c23c-8ad6-4e20-b4b6-b367126a1be1,misclick,0.4,0,exact,value,learned,1e-06,"x0,x1,x2,x3",4.328390371778852,1.0909760783242322,4.209235748784758,75.46267199001865,3.23741429345462,4.438980705295215,1.0909760783242322,3.23741429345462,schwefel
18,173.4802792177891,140.57907214060222,-40.634209655324064,-7.794649726609122,0.651813503658378,0.651813503658378,0.0017002792301857752,698.2060329394212,True,True,0.0,qucb,0.3588573000160977,False,11,88b8c23c-8ad6-4e20-b4b6-b367126a1be1,misclick,0.4,0,exact,value,learned,1e-06,"x0,x1,x2,x3",4.328390371778852,1.0909760783242322,3.676576868120474,79.13924885813913,3.23741429345462,4.396624936563285,1.0909760783242322,3.23741429345462,schwefel
19,497.0469200228764,-38.46595028207261,143.36220319752098,118.22531724327202,-0.8854476756191151,-0.8854476756191151,-0.8854476756191151,0.0,False,True,0.0,qucb,0.36021419998724014,False,11,88b8c23c-8ad6-4e20-b4b6-b367126a1be1,misclick,0.4,0,exact,value,learned,1e-06,"x0,x1,x2,x3",4.328390371778852,1.0909760783242322,5.213838047397967,84.3530869055371,3.23741429345462,4.439636152923005,1.0909760783242322,3.23741429345462,schwefel
20,302.90444279748993,170.21868785837435,-500.0,500.0,-0.572992289620269,-0.572992289620269,-0.572992289620269,0.0,False,True,0.0,qucb,0.5026522000553086,False,11,88b8c23c-8ad6-4e20-b4b6-b367126a1be1,misclick,0.4,0,exact,value,learned,1e-06,"x0,x1,x2,x3",4.328390371778852,1.0909760783242322,4.901382661399121,89.25446956693622,3.23741429345462,4.4627234783468115,1.0909760783242322,3.23741429345462,schwefel
21,340.00190515609313,230.6934122888871,-106.42458084927503,500.0,-0.3072080411279067,-0.3072080411279067,-0.3072080411279067,0.0,False,True,0.0,qucb,0.45552399998996407,False,11,88b8c23c-8ad6-4e20-b4b6-b367126a1be1,misclick,0.4,0,exact,value,learned,1e-06,"x0,x1,x2,x3",4.328390371778852,1.0909760783242322,4.6355984129067584,93.89006797984298,3.23741429345462,4.470955618087761,1.0909760783242322,3.23741429345462,schwefel
22,-260.96891238177767,144.55879044606,-215.79038223649297,500.0,0.5479799358175034,0.5479799358175034,-0.8426246041805906,894.3856913473625,True,True,0.0,qucb,0.5227361000142992,False,11,88b8c23c-8ad6-4e20-b4b6-b367126a1be1,misclick,0.4,0,exact,value,learned,1e-06,"x0,x1,x2,x3",4.328390371778852,1.0909760783242322,3.7804104359613486,97.67047841580433,3.23741429345462,4.439567200718378,1.0909760783242322,3.23741429345462,schwefel
23,337.3234902382352,145.2741569831047,-238.5495588887373,-500.0,-0.28275283830776854,-0.28275283830776854,-0.28275283830776854,0.0,False,True,0.0,qucb,0.4652566999429837,False,11,88b8c23c-8ad6-4e20-b4b6-b367126a1be1,misclick,0.4,0,exact,value,learned,1e-06,"x0,x1,x2,x3",4.328390371778852,1.0909760783242322,4.61114321008662,102.28162162589095,3.23741429345462,4.44702702721265,1.0909760783242322,3.23741429345462,schwefel
24,-293.9288703037852,138.26075868172805,-186.02255984744826,-46.29241691508514,0.012633371842278005,0.012633371842278005,0.012633371842278005,0.0,False,True,0.0,qucb,0.47821890003979206,False,11,88b8c23c-8ad6-4e20-b4b6-b367126a1be1,misclick,0.4,0,exact,value,learned,1e-06,"x0,x1,x2,x3",4.328390371778852,1.0909760783242322,4.315756999936574,106.59737862582752,3.23741429345462,4.4415574427428135,1.0909760783242322,3.23741429345462,schwefel
25,476.04513099266035,167.4745990762662,-245.51630067777404,500.0,-0.12150994840354648,-0.12150994840354648,-0.12150994840354648,0.0,False,True,0.0,qucb,0.41978180001024157,False,11,88b8c23c-8ad6-4e20-b4b6-b367126a1be1,misclick,0.4,0,exact,value,learned,1e-06,"x0,x1,x2,x3",4.328390371778852,1.0909760783242322,4.449900320182398,111.04727894600991,3.23741429345462,4.441891157840397,1.0909760783242322,3.23741429345462,schwefel
26,245.1874400467967,277.8028046170087,-159.06494470057055,-128.67762868164476,-0.26256243733729484,-0.26256243733729484,-0.26256243733729484,0.0,False,True,0.0,qucb,0.553851900040172,False,11,88b8c23c-8ad6-4e20-b4b6-b367126a1be1,misclick,0.4,0,exact,value,learned,1e-06,"x0,x1,x2,x3",4.328390371778852,1.0909760783242322,4.590952809116147,115.63823175512606,3.23741429345462,4.4476242982740795,1.0909760783242322,3.23741429345462,schwefel
27,368.90855988910135,210.863580739013,-245.0419163940695,-213.92486039458166,0.3162880619449414,0.3162880619449414,0.3162880619449414,0.0,False,True,0.0,qucb,0.5035322000039741,False,11,88b8c23c-8ad6-4e20-b4b6-b367126a1be1,misclick,0.4,0,exact,value,learned,1e-06,"x0,x1,x2,x3",4.328390371778852,1.0909760783242322,4.01210230983391,119.65033406495996,3.23741429345462,4.431493854257776,1.0909760783242322,3.23741429345462,schwefel
28,114.01323886051364,127.27680480871162,-178.47950968601273,210.2776470789065,-0.41601407013675046,-0.41601407013675046,-0.41601407013675046,0.0,False,True,0.0,qucb,0.39721329999156296,False,11,88b8c23c-8ad6-4e20-b4b6-b367126a1be1,misclick,0.4,0,exact,value,learned,1e-06,"x0,x1,x2,x3",4.328390371778852,1.0909760783242322,4.744404441915602,124.39473850687557,3.23741429345462,4.442669232388413,1.0909760783242322,3.23741429345462,schwefel
29,88.23140372389373,104.30715152560808,152.4612743157626,500.0,0.04848102002487977,0.04848102002487977,-0.7357293105448242,676.9573896657921,True,True,0.0,qucb,0.35299690009560436,False,11,88b8c23c-8ad6-4e20-b4b6-b367126a1be1,misclick,0.4,0,exact,value,learned,1e-06,"x0,x1,x2,x3",4.328390371778852,1.0909760783242322,4.279909351753972,128.67464785862956,3.23741429345462,4.437056822711364,1.0909760783242322,3.23741429345462,schwefel
30,323.256580403073,125.95042974943767,149.55542804938048,-397.6018447554743,1.5023942910948969,1.5023942910948969,-1.9935567409030448,921.7340390740071,True,True,0.0,qucb,0.3403624000493437,False,11,88b8c23c-8ad6-4e20-b4b6-b367126a1be1,misclick,0.4,0,exact,value,learned,1e-06,"x0,x1,x2,x3",4.328390371778852,1.5023942910948969,2.825996080683955,131.5006439393135,2.825996080683955,4.383354797977117,-1.9935567409030448,6.3219471126818965,schwefel
31,373.04286866946114,117.37050029424536,233.94518953660778,-500.0,0.8413953941888919,0.8413953941888919,0.8413953941888919,0.0,False,True,0.0,qucb,0.3070016000419855,False,11,88b8c23c-8ad6-4e20-b4b6-b367126a1be1,misclick,0.4,0,exact,value,learned,1e-06,"x0,x1,x2,x3",4.328390371778852,1.5023942910948969,3.4869949775899602,134.98763891690348,2.825996080683955,4.3544399650614025,-1.9935567409030448,6.3219471126818965,schwefel
32,326.4009374383923,116.95882301621954,216.79302887402278,-500.0,0.04088453759360306,0.04088453759360306,0.04088453759360306,0.0,False,True,0.0,qucb,0.3466245000017807,False,11,88b8c23c-8ad6-4e20-b4b6-b367126a1be1,misclick,0.4,0,exact,value,learned,1e-06,"x0,x1,x2,x3",4.328390371778852,1.5023942910948969,4.287505834185249,139.27514475108873,2.825996080683955,4.352348273471523,-1.9935567409030448,6.3219471126818965,schwefel
33,500.0,140.34179620029087,109.59359128193007,-500.0,1.8752484503856781,1.8752484503856781,-0.4835966407948194,974.5131611685938,True,True,0.0,qucb,0.35839670000132173,False,11,88b8c23c-8ad6-4e20-b4b6-b367126a1be1,misclick,0.4,0,exact,value,learned,1e-06,"x0,x1,x2,x3",4.328390371778852,1.8752484503856781,2.4531419213931738,141.72828667248191,2.4531419213931738,4.294796565832785,-0.4835966407948194,4.811987012573671,schwefel
34,500.0,149.88934952454764,87.55280391806323,-500.0,-0.10771506549765837,-0.10771506549765837,-0.10771506549765837,0.0,False,True,0.0,qucb,0.33976469992194325,False,11,88b8c23c-8ad6-4e20-b4b6-b367126a1be1,misclick,0.4,0,exact,value,learned,1e-06,"x0,x1,x2,x3",4.328390371778852,1.8752484503856781,4.4361054372765105,146.16439210975844,2.4531419213931738,4.298952709110543,-0.4835966407948194,4.811987012573671,schwefel
35,500.0,124.24798910331197,117.44856366116124,-500.0,-0.6167806766796847,-0.6167806766796847,-0.6167806766796847,0.0,False,True,0.0,qucb,0.341027699992992,False,11,88b8c23c-8ad6-4e20-b4b6-b367126a1be1,misclick,0.4,0,exact,value,learned,1e-06,"x0,x1,x2,x3",4.328390371778852,1.8752484503856781,4.945171048458537,151.109563158217,2.4531419213931738,4.317416090234771,-0.4835966407948194,4.811987012573671,schwefel
36,124.9155151921597,138.86665962802752,99.58625274888547,-500.0,-0.23915661439588778,-0.23915661439588778,-0.23915661439588778,0.0,False,True,0.0,qucb,0.32868779997806996,False,11,88b8c23c-8ad6-4e20-b4b6-b367126a1be1,misclick,0.4,0,exact,value,learned,1e-06,"x0,x1,x2,x3",4.328390371778852,1.8752484503856781,4.567546986174739,155.67711014439172,2.4531419213931738,4.324364170677548,-0.4835966407948194,4.811987012573671,schwefel
37,500.0,129.6329290155933,121.67153033438075,500.0,-1.5565044109680923,-1.5565044109680923,-1.5565044109680923,0.0,False,True,0.0,qucb,0.41030969994608313,False,11,88b8c23c-8ad6-4e20-b4b6-b367126a1be1,misclick,0.4,0,exact,value,learned,1e-06,"x0,x1,x2,x3",4.328390371778852,1.8752484503856781,5.884894782746944,161.56200492713867,2.4531419213931738,4.36654067370645,-0.4835966407948194,4.811987012573671,schwefel
38,189.71243976478084,113.54038436529969,500.0,-177.07835373750999,1.6395237471607416,1.6395237471607416,-0.5935252048171368,344.902967865225,True,True,0.0,qucb,0.2844967000419274,False,11,88b8c23c-8ad6-4e20-b4b6-b367126a1be1,misclick,0.4,0,exact,value,learned,1e-06,"x0,x1,x2,x3",4.328390371778852,1.8752484503856781,2.68886662461811,164.25087155175677,2.4531419213931738,4.322391356625178,-0.4835966407948194,4.811987012573671,schwefel
39,178.74187858808747,116.02545375940342,500.0,-116.3073268558178,-0.13270608860522898,-0.13270608860522898,-0.13270608860522898,0.0,False,True,0.0,qucb,0.28170709998812526,False,11,88b8c23c-8ad6-4e20-b4b6-b367126a1be1,misclick,0.4,0,exact,value,learned,1e-06,"x0,x1,x2,x3",4.328390371778852,1.8752484503856781,4.461096460384081,168.71196801214086,2.4531419213931738,4.325947897747201,-0.4835966407948194,4.811987012573671,schwefel
40,191.02744715472514,118.09613112193293,500.0,-189.02489712922366,-0.7517518962593215,-0.7517518962593215,-0.7517518962593215,0.0,False,True,0.0,qucb,0.3311499999836087,False,11,88b8c23c-8ad6-4e20-b4b6-b367126a1be1,misclick,0.4,0,exact,value,learned,1e-06,"x0,x1,x2,x3",4.328390371778852,1.8752484503856781,5.080142268038173,173.79211028017903,2.4531419213931738,4.344802757004476,-0.4835966407948194,4.811987012573671,schwefel
41,128.08707192852432,137.42965604400405,-500.0,-319.7368329965901,0.5679169340609903,0.5679169340609903,0.5679169340609903,0.0,False,True,0.0,qucb,0.3224258000263944,False,11,88b8c23c-8ad6-4e20-b4b6-b367126a1be1,misclick,0.4,0,exact,value,learned,1e-06,"x0,x1,x2,x3",4.328390371778852,1.8752484503856781,3.7604734377178617,177.55258371789688,2.4531419213931738,4.330550822387729,-0.4835966407948194,4.811987012573671,schwefel
42,198.12428012888626,129.42998544573013,-500.0,-500.0,1.133243857149668,1.133243857149668,1.133243857149668,0.0,False,True,0.0,qucb,0.29477389995008707,False,11,88b8c23c-8ad6-4e20-b4b6-b367126a1be1,misclick,0.4,0,exact,value,learned,1e-06,"x0,x1,x2,x3",4.328390371778852,1.8752484503856781,3.195146514629184,180.74773023252607,2.4531419213931738,4.303517386488716,-0.4835966407948194,4.811987012573671,schwefel
43,175.2732777170182,109.36901952206561,-500.0,-500.0,0.9722531939240557,0.9722531939240557,0.9722531939240557,0.0,False,True,0.0,qucb,0.3257059999741614,False,11,88b8c23c-8ad6-4e20-b4b6-b367126a1be1,misclick,0.4,0,exact,value,learned,1e-06,"x0,x1,x2,x3",4.328390371778852,1.8752484503856781,3.356137177854796,184.10386741038087,2.4531419213931738,4.281485288613509,-0.4835966407948194,4.811987012573671,schwefel
44,165.63125566166522,98.8111762798647,-500.0,-500.0,-0.07718199383250482,-0.07718199383250482,0.9347875854781547,846.3863365491417,True,True,0.0,qucb,0.3133907999144867,False,11,88b8c23c-8ad6-4e20-b4b6-b367126a1be1,misclick,0.4,0,exact,value,learned,1e-06,"x0,x1,x2,x3",4.328390371778852,1.8752484503856781,4.405572365611357,188.50943977599223,2.4531419213931738,4.284305449454369,-0.4835966407948194,4.811987012573671,schwefel
45,222.79413166728048,185.48743914860503,-500.0,-500.0,1.7544191728917424,1.7544191728917424,1.7544191728917424,0.0,False,True,0.0,qucb,0.3942559000570327,False,11,88b8c23c-8ad6-4e20-b4b6-b367126a1be1,misclick,0.4,0,exact,value,learned,1e-06,"x0,x1,x2,x3",4.328390371778852,1.8752484503856781,2.5739711988871097,191.08341097487934,2.4531419213931738,4.246298021663986,-0.4835966407948194,4.811987012573671,schwefel
46,179.0555034932181,212.09862900620294,-500.0,-500.0,1.7679974592341823,1.7679974592341823,1.7679974592341823,0.0,False,True,0.0,qucb,0.3438658000668511,False,11,88b8c23c-8ad6-4e20-b4b6-b367126a1be1,misclick,0.4,0,exact,value,learned,1e-06,"x0,x1,x2,x3",4.328390371778852,1.8752484503856781,2.5603929125446694,193.643803887424,2.4531419213931738,4.209647910596174,-0.4835966407948194,4.811987012573671,schwefel
47,140.94887316375733,239.31283451444156,-500.0,-500.0,2.913262220835285,2.913262220835285,0.8457691381934707,1104.9080973946886,True,True,0.0,qucb,0.36571789998561144,False,11,88b8c23c-8ad6-4e20-b4b6-b367126a1be1,misclick,0.4,0,exact,value,learned,1e-06,"x0,x1,x2,x3",4.328390371778852,2.913262220835285,1.4151281509435667,195.05893203836757,1.4151281509435667,4.1501900433695225,0.8457691381934707,3.4826212335853812,schwefel
48,80.01507191222163,280.5692609376949,-500.0,-500.0,0.4024386000560195,0.4024386000560195,0.4024386000560195,0.0,False,True,0.0,qucb,0.30667419999372214,False,11,88b8c23c-8ad6-4e20-b4b6-b367126a1be1,misclick,0.4,0,exact,value,learned,1e-06,"x0,x1,x2,x3",4.328390371778852,2.913262220835285,3.9259517717228323,198.9848838100904,1.4151281509435667,4.145518412710216,0.8457691381934707,3.4826212335853812,schwefel
49,102.12036192516595,248.0072477974093,-500.0,-500.0,0.7410314429521128,0.7410314429521128,0.7410314429521128,0.0,False,True,0.0,qucb,0.34896839992143214,False,11,88b8c23c-8ad6-4e20-b4b6-b367126a1be1,misclick,0.4,0,exact,value,learned,1e-06,"x0,x1,x2,x3",4.328390371778852,2.913262220835285,3.587358928826739,202.57224273891714,1.4151281509435667,4.134127402835044,0.8457691381934707,3.4826212335853812,schwefel
50,204.59501370596016,253.02369138723822,-500.0,-500.0,1.3248733335179785,1.3248733335179785,1.3248733335179785,0.0,False,True,0.0,qucb,0.29462159995455295,False,11,88b8c23c-8ad6-4e20-b4b6-b367126a1be1,misclick,0.4,0,exact,value,learned,1e-06,"x0,x1,x2,x3",4.328390371778852,2.913262220835285,3.003517038260873,205.575759777178,1.4151281509435667,4.11151519554356,0.8457691381934707,3.4826212335853812,schwefel
