iteration,x0,x1,x2,x3,objective_true,objective_observed,error_applied,error_magnitude,acquisition,fit_time_sec,acq_opt_failed,seed,run_id,error_model,jitter_std,jitter_iteration,oracle_model,objective,observation_noise,known_noise_var,param_columns,y_opt,best_true_so_far,regret_inst_true,regret_cum_true,simple_regret_true,regret_avg_true,inference_value_true,inference_simple_regret_true,dataset
1,0.9560017096289753,0.20768181007914688,0.8284448852745308,0.14928212308202027,-1.1592260150856664,0.7288483047839251,True,1.8880743198695915,qnei,0.0,False,10,c07276d9-9611-49bc-99c0-ad06af20a3f4,drift,5.0,0,exact,value,learned,25.0,"x0,x1,x2,x3",1.7175746997911816,-1.1592260150856664,2.8768007148768477,2.8768007148768477,2.8768007148768477,2.8768007148768477,-1.1592260150856664,2.8768007148768477,power_law_practice
2,0.5128046164365648,0.13591960402050662,0.6890364797811311,0.841747724312279,0.6566600450945725,2.1769204484611357,True,1.5202604033665632,qnei,0.0,False,10,c07276d9-9611-49bc-99c0-ad06af20a3f4,drift,5.0,0,exact,value,learned,25.0,"x0,x1,x2,x3",1.7175746997911816,0.6566600450945725,1.060914654696609,3.937715369573457,1.060914654696609,1.9688576847867285,0.6566600450945725,1.060914654696609,power_law_practice
3,0.4255089974049766,0.9569260034533662,0.8253329063847983,0.338215312471576,0.017114334625829033,0.3535086610891628,True,0.3363943264633338,qnei,0.0,False,10,c07276d9-9611-49bc-99c0-ad06af20a3f4,drift,5.0,0,exact,value,learned,25.0,"x0,x1,x2,x3",1.7175746997911816,0.6566600450945725,1.7004603651653525,5.63817573473881,1.060914654696609,1.8793919115796032,0.6566600450945725,1.060914654696609,power_law_practice
4,0.5757605479445136,0.7533018647084769,0.8271039370247955,0.9334384708515814,1.1461725881202751,4.007805664482399,True,2.861633076362124,qnei,0.0,False,10,c07276d9-9611-49bc-99c0-ad06af20a3f4,drift,5.0,0,exact,value,learned,25.0,"x0,x1,x2,x3",1.7175746997911816,1.1461725881202751,0.5714021116709065,6.209577846409716,0.5714021116709065,1.552394461602429,1.1461725881202751,0.5714021116709065,power_law_practice
5,0.1449946949362273,0.7455802110439375,0.13935139386782236,0.9065287561129268,0.6258885157200674,7.047927926824307,True,6.422039411104239,qnei,0.0,False,10,c07276d9-9611-49bc-99c0-ad06af20a3f4,drift,5.0,0,exact,value,learned,25.0,"x0,x1,x2,x3",1.7175746997911816,1.1461725881202751,1.091686184071114,7.30126403048083,0.5714021116709065,1.460252806096166,0.6258885157200674,1.091686184071114,power_law_practice
6,0.5397246849109756,1.0,0.0,1.0,0.8729716429747632,-1.574024145618087,True,-2.44699578859285,qnei,0.37285469999187626,False,10,c07276d9-9611-49bc-99c0-ad06af20a3f4,drift,5.0,0,exact,value,learned,25.0,"x0,x1,x2,x3",1.7175746997911816,1.1461725881202751,0.8446030568164185,8.145867087297248,0.5714021116709065,1.3576445145495413,0.6258885157200674,1.091686184071114,power_law_practice
7,0.05405096720673932,0.7072943767981633,0.13550181088034827,0.908274036033384,0.6087101181056468,3.933677600478598,True,3.324967482372951,qnei,0.43550110000069253,False,10,c07276d9-9611-49bc-99c0-ad06af20a3f4,drift,5.0,0,exact,value,learned,25.0,"x0,x1,x2,x3",1.7175746997911816,1.1461725881202751,1.108864581685535,9.254731668982782,0.5714021116709065,1.3221045241403975,0.6258885157200674,1.091686184071114,power_law_practice
8,0.19888477091767115,0.6777084052690586,0.0952799623672674,0.9602385780366541,0.6504825628862497,-0.40884335922704107,True,-1.059325922113291,qnei,0.547796400001971,False,10,c07276d9-9611-49bc-99c0-ad06af20a3f4,drift,5.0,0,exact,value,learned,25.0,"x0,x1,x2,x3",1.7175746997911816,1.1461725881202751,1.067092136904932,10.321823805887714,0.5714021116709065,1.2902279757359643,0.6258885157200674,1.091686184071114,power_law_practice
9,0.12997081246159206,0.7551815486302293,0.14686731142378098,0.8971892047961567,0.6198213255664893,-0.37877274117868676,True,-0.998594066745176,qnei,0.422557300014887,False,10,c07276d9-9611-49bc-99c0-ad06af20a3f4,drift,5.0,0,exact,value,learned,25.0,"x0,x1,x2,x3",1.7175746997911816,1.1461725881202751,1.0977533742246923,11.419577180112407,0.5714021116709065,1.2688419089013785,0.6258885157200674,1.091686184071114,power_law_practice
10,0.6314747464801743,0.20006630977294326,0.7447433491108814,0.7459825842081661,0.6465885440691915,-1.1719911059429937,True,-1.8185796500121851,qnei,0.0,False,10,c07276d9-9611-49bc-99c0-ad06af20a3f4,drift,5.0,0,exact,value,learned,25.0,"x0,x1,x2,x3",1.7175746997911816,1.1461725881202751,1.07098615572199,12.490563335834397,0.5714021116709065,1.2490563335834397,0.6258885157200674,1.091686184071114,power_law_practice
11,0.2709264381571822,0.7566270092685086,0.19615167115857782,0.9217176542596126,0.6856178033129916,5.586260710330392,True,4.9006429070174,qnei,0.41937719998531975,False,10,c07276d9-9611-49bc-99c0-ad06af20a3f4,drift,5.0,0,exact,value,learned,25.0,"x0,x1,x2,x3",1.7175746997911816,1.1461725881202751,1.03195689647819,13.522520232312587,0.5714021116709065,1.229320021119326,0.6258885157200674,1.091686184071114,power_law_practice
12,0.34115345301241357,0.7523658798716625,0.21583214287032124,0.9371969543366725,0.7264063188935422,10.889312322566264,True,10.162906003672722,qnei,0.3675304999924265,False,10,c07276d9-9611-49bc-99c0-ad06af20a3f4,drift,5.0,0,exact,value,learned,25.0,"x0,x1,x2,x3",1.7175746997911816,1.1461725881202751,0.9911683808976394,14.513688613210226,0.5714021116709065,1.2094740511008522,0.7264063188935422,0.9911683808976394,power_law_practice
13,0.2926922882036987,0.877756236710623,0.22509461242043263,0.85685494676007,0.6906915796509604,2.6132057576695202,True,1.92251417801856,qnei,0.7405235999904107,False,10,c07276d9-9611-49bc-99c0-ad06af20a3f4,drift,5.0,0,exact,value,learned,25.0,"x0,x1,x2,x3",1.7175746997911816,1.1461725881202751,1.026883120140221,15.540571733350447,0.5714021116709065,1.1954285948731114,0.7264063188935422,0.9911683808976394,power_law_practice
14,0.38603037475310925,0.7164210273029277,0.22162927875178767,0.9660488890344965,0.7539370103400832,5.065817637134922,True,4.311880626794839,qnei,0.37741539999842644,False,10,c07276d9-9611-49bc-99c0-ad06af20a3f4,drift,5.0,0,exact,value,learned,25.0,"x0,x1,x2,x3",1.7175746997911816,1.1461725881202751,0.9636376894510984,16.504209422801544,0.5714021116709065,1.1788721016286818,0.7264063188935422,0.9911683808976394,power_law_practice
15,0.31921205595311486,0.38193528030181423,0.07015973545341325,0.4574403481857662,0.2428462436372087,6.359755433581775,True,6.1169091899445664,qnei,0.0,False,10,c07276d9-9611-49bc-99c0-ad06af20a3f4,drift,5.0,0,exact,value,learned,25.0,"x0,x1,x2,x3",1.7175746997911816,1.1461725881202751,1.4747284561539729,17.978937878955517,0.5714021116709065,1.1985958585970344,0.7264063188935422,0.9911683808976394,power_law_practice
16,0.4867810747888551,0.7637608786367851,0.2910663383050466,0.9527307983787267,0.8353344829339692,4.73256721456392,True,3.8972327316299507,qnei,0.27037499999278225,False,10,c07276d9-9611-49bc-99c0-ad06af20a3f4,drift,5.0,0,exact,value,learned,25.0,"x0,x1,x2,x3",1.7175746997911816,1.1461725881202751,0.8822402168572124,18.86117809581273,0.5714021116709065,1.1788236309882956,0.7264063188935422,0.9911683808976394,power_law_practice
17,0.04965650599669085,0.7154214607581397,0.2584833995781217,0.7164846174719872,0.4759751637924059,0.02961210076885168,True,-0.4463630630235542,qnei,0.38348279998172075,False,10,c07276d9-9611-49bc-99c0-ad06af20a3f4,drift,5.0,0,exact,value,learned,25.0,"x0,x1,x2,x3",1.7175746997911816,1.1461725881202751,1.2415995359987757,20.102777631811506,0.5714021116709065,1.1825163312830298,0.7264063188935422,0.9911683808976394,power_law_practice
18,0.2676700009937074,0.7379640644327886,0.15734205835765763,0.9357245194290313,0.6778546680412335,-7.676855541727189,True,-8.354710209768422,qnei,0.32426470000064,False,10,c07276d9-9611-49bc-99c0-ad06af20a3f4,drift,5.0,0,exact,value,learned,25.0,"x0,x1,x2,x3",1.7175746997911816,1.1461725881202751,1.039720031749948,21.142497663561453,0.5714021116709065,1.1745832035311918,0.7264063188935422,0.9911683808976394,power_law_practice
19,0.8982000805734335,0.053096494238605636,0.2403398121364147,0.8736849189271584,0.6389664095273268,16.73520460737287,True,16.096238197845544,qnei,0.35750659997574985,False,10,c07276d9-9611-49bc-99c0-ad06af20a3f4,drift,5.0,0,exact,value,learned,25.0,"x0,x1,x2,x3",1.7175746997911816,1.1461725881202751,1.0786082902638547,22.221105953825308,0.5714021116709065,1.1695318923065952,0.6389664095273268,1.0786082902638547,power_law_practice
20,0.2827736379587883,0.3542774873612471,0.7753798210336241,0.3994669690572672,0.04823342101664877,-5.256230559297061,True,-5.3044639803137095,qnei,0.0,False,10,c07276d9-9611-49bc-99c0-ad06af20a3f4,drift,5.0,0,exact,value,learned,25.0,"x0,x1,x2,x3",1.7175746997911816,1.1461725881202751,1.6693412787745328,23.89044723259984,0.5714021116709065,1.194522361629992,0.6389664095273268,1.0786082902638547,power_law_practice
21,1.0,0.0,0.23075879642311822,0.3804964263493595,0.010475618434254905,-1.5922963484573205,True,-1.6027719668915754,qnei,0.2753431999881286,False,10,c07276d9-9611-49bc-99c0-ad06af20a3f4,drift,5.0,0,exact,value,learned,25.0,"x0,x1,x2,x3",1.7175746997911816,1.1461725881202751,1.7070990813569267,25.597546313956766,0.5714021116709065,1.218930776855084,0.6389664095273268,1.0786082902638547,power_law_practice
22,1.0,0.0,0.31869295496092487,0.979846152099162,0.7621770630187199,-6.166921671464623,True,-6.929098734483343,qnei,0.2726437000092119,False,10,c07276d9-9611-49bc-99c0-ad06af20a3f4,drift,5.0,0,exact,value,learned,25.0,"x0,x1,x2,x3",1.7175746997911816,1.1461725881202751,0.9553976367724617,26.552943950729226,0.5714021116709065,1.2069519977604193,0.6389664095273268,1.0786082902638547,power_law_practice
23,0.8879306095303392,0.06233278389459187,0.24094398452738303,0.9179128427577172,0.6729266664076773,1.2344611367757643,True,0.561534470368087,qnei,1.0023424999963026,False,10,c07276d9-9611-49bc-99c0-ad06af20a3f4,drift,5.0,0,exact,value,learned,25.0,"x0,x1,x2,x3",1.7175746997911816,1.1461725881202751,1.0446480333835044,27.597591984112732,0.5714021116709065,1.1998953036570754,0.6389664095273268,1.0786082902638547,power_law_practice
24,0.9005443379160147,0.05098837337669471,0.2402018913023129,0.8635888261571524,0.6309202532750515,-0.7787833210766397,True,-1.4097035743516912,qnei,0.48830159998033196,False,10,c07276d9-9611-49bc-99c0-ad06af20a3f4,drift,5.0,0,exact,value,learned,25.0,"x0,x1,x2,x3",1.7175746997911816,1.1461725881202751,1.08665444651613,28.68424643062886,0.5714021116709065,1.1951769346095358,0.6389664095273268,1.0786082902638547,power_law_practice
25,0.6314747464801743,0.20006630977294326,0.7447433491108814,0.7459825842081661,0.6465885440691915,2.951346430214671,True,2.3047578861454796,qnei,0.0,False,10,c07276d9-9611-49bc-99c0-ad06af20a3f4,drift,5.0,0,exact,value,learned,25.0,"x0,x1,x2,x3",1.7175746997911816,1.1461725881202751,1.07098615572199,29.75523258635085,0.5714021116709065,1.190209303454034,0.6389664095273268,1.0786082902638547,power_law_practice
26,1.0,1.0,0.0,0.0,-5.479161783326897,-3.346608791364057,True,2.13255299196284,qnei,0.16866349999327213,False,10,c07276d9-9611-49bc-99c0-ad06af20a3f4,drift,5.0,0,exact,value,learned,25.0,"x0,x1,x2,x3",1.7175746997911816,1.1461725881202751,7.1967364831180785,36.95196906946893,0.5714021116709065,1.4212295795949588,0.6389664095273268,1.0786082902638547,power_law_practice
27,1.0,1.0,1.0,1.0,1.7175746997911816,5.056394821175209,True,3.3388201213840274,qnei,0.20996479998575523,False,10,c07276d9-9611-49bc-99c0-ad06af20a3f4,drift,5.0,0,exact,value,learned,25.0,"x0,x1,x2,x3",1.7175746997911816,1.7175746997911816,0.0,36.95196906946893,0.0,1.3685914470173677,0.6389664095273268,1.0786082902638547,power_law_practice
28,0.0,1.0,1.0,1.0,1.1188308694678342,7.723168673443359,True,6.604337803975525,qnei,0.16128040000330657,False,10,c07276d9-9611-49bc-99c0-ad06af20a3f4,drift,5.0,0,exact,value,learned,25.0,"x0,x1,x2,x3",1.7175746997911816,1.7175746997911816,0.5987438303233474,37.55071289979228,0.0,1.3410968892782957,0.6389664095273268,1.0786082902638547,power_law_practice
29,0.0,0.0,0.0,1.0,1.0049251627883082,4.787924530400595,True,3.7829993676122866,qnei,0.2137143999862019,False,10,c07276d9-9611-49bc-99c0-ad06af20a3f4,drift,5.0,0,exact,value,learned,25.0,"x0,x1,x2,x3",1.7175746997911816,1.7175746997911816,0.7126495370028734,38.263362436795155,0.0,1.319426290923971,0.6389664095273268,1.0786082902638547,power_law_practice
30,0.31921205595311486,0.38193528030181423,0.07015973545341325,0.4574403481857662,0.2428462436372087,-2.2390572573319862,True,-2.481903500969195,qnei,0.0,False,10,c07276d9-9611-49bc-99c0-ad06af20a3f4,drift,5.0,0,exact,value,learned,25.0,"x0,x1,x2,x3",1.7175746997911816,1.7175746997911816,1.4747284561539729,39.73809089294913,0.0,1.3246030297649711,0.6389664095273268,1.0786082902638547,power_law_practice
31,1.0,0.0,0.0,1.0,0.6799131573353222,0.30721477916005124,True,-0.37269837817527096,qnei,0.15024350001476705,False,10,c07276d9-9611-49bc-99c0-ad06af20a3f4,drift,5.0,0,exact,value,learned,25.0,"x0,x1,x2,x3",1.7175746997911816,1.7175746997911816,1.0376615424558593,40.77575243540499,0.0,1.3153468527549996,0.6389664095273268,1.0786082902638547,power_law_practice
32,0.0,0.0,0.0,0.0,0.5308337108982052,-1.626515988399873,True,-2.157349699298078,qnei,0.224119199992856,False,10,c07276d9-9611-49bc-99c0-ad06af20a3f4,drift,5.0,0,exact,value,learned,25.0,"x0,x1,x2,x3",1.7175746997911816,1.7175746997911816,1.1867409888929763,41.96249342429797,0.0,1.3113279195093115,0.6389664095273268,1.0786082902638547,power_law_practice
33,0.0,0.5186248743620543,1.0,1.0,0.8630113692591612,7.323904437840486,True,6.460893068581325,qnei,0.3379090999951586,False,10,c07276d9-9611-49bc-99c0-ad06af20a3f4,drift,5.0,0,exact,value,learned,25.0,"x0,x1,x2,x3",1.7175746997911816,1.7175746997911816,0.8545633305320204,42.81705675482999,0.0,1.2974865683281815,0.6389664095273268,1.0786082902638547,power_law_practice
34,0.0,0.0,1.0,1.0,0.6799131573353222,4.370135146739906,True,3.690221989404584,qnei,0.28954719999455847,False,10,c07276d9-9611-49bc-99c0-ad06af20a3f4,drift,5.0,0,exact,value,learned,25.0,"x0,x1,x2,x3",1.7175746997911816,1.7175746997911816,1.0376615424558593,43.85471829728585,0.0,1.289844655802525,0.6389664095273268,1.0786082902638547,power_law_practice
35,0.2827736379587883,0.3542774873612471,0.7753798210336241,0.3994669690572672,0.04823342101664877,9.521490358090045,True,9.473256937073396,qnei,0.0,False,10,c07276d9-9611-49bc-99c0-ad06af20a3f4,drift,5.0,0,exact,value,learned,25.0,"x0,x1,x2,x3",1.7175746997911816,1.7175746997911816,1.6693412787745328,45.52405957606038,0.0,1.300687416458868,0.6389664095273268,1.0786082902638547,power_law_practice
36,0.0,1.0,1.0,0.6212162602406189,0.6565047605002738,6.645426280979828,True,5.988921520479554,qnei,0.2169368000177201,False,10,c07276d9-9611-49bc-99c0-ad06af20a3f4,drift,5.0,0,exact,value,learned,25.0,"x0,x1,x2,x3",1.7175746997911816,1.7175746997911816,1.0610699392909078,46.58512951535129,0.0,1.2940313754264248,0.6389664095273268,1.0786082902638547,power_law_practice
37,0.0,1.0,0.0,1.0,0.6799131573353222,9.431850387425563,True,8.75193723009024,qnei,0.2967228000052273,False,10,c07276d9-9611-49bc-99c0-ad06af20a3f4,drift,5.0,0,exact,value,learned,25.0,"x0,x1,x2,x3",1.7175746997911816,1.7175746997911816,1.0376615424558593,47.62279105780715,0.0,1.287102461021815,0.6389664095273268,1.0786082902638547,power_law_practice
38,0.0,1.0,1.0,0.0,-5.479161783326897,4.201830676652909,True,9.680992459979805,qnei,0.22881890001008287,False,10,c07276d9-9611-49bc-99c0-ad06af20a3f4,drift,5.0,0,exact,value,learned,25.0,"x0,x1,x2,x3",1.7175746997911816,1.7175746997911816,7.1967364831180785,54.81952754092523,0.0,1.4426191458138218,0.6389664095273268,1.0786082902638547,power_law_practice
39,1.0,1.0,0.0,1.0,1.1188308694678342,11.770059336214155,True,10.651228466746321,qnei,0.2373743999924045,False,10,c07276d9-9611-49bc-99c0-ad06af20a3f4,drift,5.0,0,exact,value,learned,25.0,"x0,x1,x2,x3",1.7175746997911816,1.7175746997911816,0.5987438303233474,55.41827137124858,0.0,1.420981317211502,0.6389664095273268,1.0786082902638547,power_law_practice
40,0.6314747464801743,0.20006630977294326,0.7447433491108814,0.7459825842081661,0.6465885440691915,8.271031791985965,True,7.624443247916774,qnei,0.0,False,10,c07276d9-9611-49bc-99c0-ad06af20a3f4,drift,5.0,0,exact,value,learned,25.0,"x0,x1,x2,x3",1.7175746997911816,1.7175746997911816,1.07098615572199,56.48925752697057,0.0,1.4122314381742642,0.6389664095273268,1.0786082902638547,power_law_practice
41,1.0,1.0,1.0,0.6560983319815243,1.2643077318389642,5.216829532664343,True,3.9525218008253784,qnei,0.24277759998221882,False,10,c07276d9-9611-49bc-99c0-ad06af20a3f4,drift,5.0,0,exact,value,learned,25.0,"x0,x1,x2,x3",1.7175746997911816,1.7175746997911816,0.45326696795221744,56.942524494922786,0.0,1.3888420608517753,0.6389664095273268,1.0786082902638547,power_law_practice
42,1.0,0.5472498455871148,1.0,1.0,1.4464261012533282,10.355455732127126,True,8.909029630873798,qnei,0.29464129998814315,False,10,c07276d9-9611-49bc-99c0-ad06af20a3f4,drift,5.0,0,exact,value,learned,25.0,"x0,x1,x2,x3",1.7175746997911816,1.7175746997911816,0.27114859853785345,57.21367309346064,0.0,1.3622303117490628,0.6389664095273268,1.0786082902638547,power_law_practice
43,0.0,0.5619288187275453,0.0,1.0,0.6699110948221074,5.174626594499012,True,4.504715499676904,qnei,0.2641070999961812,False,10,c07276d9-9611-49bc-99c0-ad06af20a3f4,drift,5.0,0,exact,value,learned,25.0,"x0,x1,x2,x3",1.7175746997911816,1.7175746997911816,1.0476636049690742,58.261336698429716,0.0,1.354914806940226,0.6389664095273268,1.0786082902638547,power_law_practice
44,0.0,1.0,0.0,0.4458808601494178,0.16257175067266522,-1.7505066266609797,True,-1.9130783773336448,qnei,0.23012199997901917,False,10,c07276d9-9611-49bc-99c0-ad06af20a3f4,drift,5.0,0,exact,value,learned,25.0,"x0,x1,x2,x3",1.7175746997911816,1.7175746997911816,1.5550029491185164,59.81633964754823,0.0,1.3594622647170054,0.6389664095273268,1.0786082902638547,power_law_practice
45,0.31921205595311486,0.38193528030181423,0.07015973545341325,0.4574403481857662,0.2428462436372087,8.387693572179103,True,8.144847328541895,qnei,0.0,False,10,c07276d9-9611-49bc-99c0-ad06af20a3f4,drift,5.0,0,exact,value,learned,25.0,"x0,x1,x2,x3",1.7175746997911816,1.7175746997911816,1.4747284561539729,61.29106810370221,0.0,1.3620237356378269,0.6389664095273268,1.0786082902638547,power_law_practice
46,1.0,1.0,0.5258216048279487,1.0,1.4334211872033433,8.361637960025515,True,6.9282167728221715,qnei,0.316639299999224,False,10,c07276d9-9611-49bc-99c0-ad06af20a3f4,drift,5.0,0,exact,value,learned,25.0,"x0,x1,x2,x3",1.7175746997911816,1.7175746997911816,0.2841535125878383,61.575221616290044,0.0,1.338591774267175,0.6389664095273268,1.0786082902638547,power_law_practice
47,0.449276951165944,1.0,1.0,1.0,1.386956415135622,5.617357436610581,True,4.230401021474959,qnei,0.3375262999907136,False,10,c07276d9-9611-49bc-99c0-ad06af20a3f4,drift,5.0,0,exact,value,learned,25.0,"x0,x1,x2,x3",1.7175746997911816,1.7175746997911816,0.33061828465555965,61.9058399009456,0.0,1.317145529807353,0.6389664095273268,1.0786082902638547,power_law_practice
48,0.0,0.9698918723139551,0.5081971990884276,1.0,0.8443044529251154,3.6223085039542875,True,2.778004051029172,qnei,0.37113200000021607,False,10,c07276d9-9611-49bc-99c0-ad06af20a3f4,drift,5.0,0,exact,value,learned,25.0,"x0,x1,x2,x3",1.7175746997911816,1.7175746997911816,0.8732702468660662,62.779110147811664,0.0,1.3078981280794097,0.6389664095273268,1.0786082902638547,power_law_practice
49,1.0,0.6160375812106306,0.0,1.0,0.9101787176143141,5.444852830250003,True,4.534674112635689,qnei,0.32942219998221844,False,10,c07276d9-9611-49bc-99c0-ad06af20a3f4,drift,5.0,0,exact,value,learned,25.0,"x0,x1,x2,x3",1.7175746997911816,1.7175746997911816,0.8073959821768675,63.586506129988535,0.0,1.2976837985711946,0.6389664095273268,1.0786082902638547,power_law_practice
50,0.2827736379587883,0.3542774873612471,0.7753798210336241,0.3994669690572672,0.04823342101664877,2.896275312349735,True,2.8480418913330863,qnei,0.0,False,10,c07276d9-9611-49bc-99c0-ad06af20a3f4,drift,5.0,0,exact,value,learned,25.0,"x0,x1,x2,x3",1.7175746997911816,1.7175746997911816,1.6693412787745328,65.25584740876307,0.0,1.3051169481752616,0.6389664095273268,1.0786082902638547,power_law_practice
