arm,dataset,acquisition,seed,error_model,jitter_std,jitter_iteration,variant,file,procedure,family,k,m,regret_noisy,regret_clean,ref_noisy,ref_clean,gp_failed_noisy,gp_failed_clean,n_candidates_noisy,pick_changed_noisy,n_candidates_clean,pick_changed_clean,n_distinct_looked_noisy,max_looks_on_one_noisy,top_candidate_regret_noisy,best_candidate_regret_noisy,n_distinct_looked_clean,max_looks_on_one_clean,top_candidate_regret_clean,best_candidate_regret_clean,candidates_noisy,rho_noisy,winner_noisy,candidates_clean,rho_clean,winner_clean
output-boba-ceiling,hartmann_3,qnei,9,gaussian,0.25,0,ceil0.9-fixed,bo_sensor_error_hartmann_3_value_qnei_seed9_jittered_exact_gaussian_jit0_std0.25_ceil0.9-fixed.csv,standard,standard,0,0.0,0.2135263817446926,7.809258049507051e-05,0.2135263817446926,7.809258049507051e-05,False,False,,,,,,,,,,,,,,,,,,
output-boba-ceiling,hartmann_3,qnei,9,gaussian,0.25,0,ceil0.9-fixed,bo_sensor_error_hartmann_3_value_qnei_seed9_jittered_exact_gaussian_jit0_std0.25_ceil0.9-fixed.csv,shortlist_m1,shortlist,0,1.0,0.12439370850006304,7.80925804955146e-05,0.2135263817446926,7.809258049507051e-05,False,False,1.0,False,1.0,False,,,,,,,,,,,,,,
output-boba-ceiling,hartmann_3,qnei,9,gaussian,0.25,0,ceil0.9-fixed,bo_sensor_error_hartmann_3_value_qnei_seed9_jittered_exact_gaussian_jit0_std0.25_ceil0.9-fixed.csv,shortlist_m2,shortlist,0,2.0,0.12439370850006304,7.80925804955146e-05,0.2135263817446926,7.809258049507051e-05,False,False,2.0,False,2.0,False,,,,,,,,,,,,,,
output-boba-ceiling,hartmann_3,qnei,9,gaussian,0.25,0,ceil0.9-fixed,bo_sensor_error_hartmann_3_value_qnei_seed9_jittered_exact_gaussian_jit0_std0.25_ceil0.9-fixed.csv,shortlist_m3,shortlist,0,3.0,0.12439370850006304,7.80925804955146e-05,0.2135263817446926,7.809258049507051e-05,False,False,3.0,False,3.0,False,,,,,,,,,,,,,,
output-boba-ceiling,hartmann_3,qnei,9,gaussian,0.25,0,ceil0.9-fixed,bo_sensor_error_hartmann_3_value_qnei_seed9_jittered_exact_gaussian_jit0_std0.25_ceil0.9-fixed.csv,shortlist_m5,shortlist,0,5.0,0.12439370850006304,7.80925804955146e-05,0.2135263817446926,7.809258049507051e-05,False,False,5.0,False,5.0,False,,,,,,,,,,,,,,
output-boba-ceiling,hartmann_3,qnei,9,gaussian,0.25,0,ceil0.9-fixed,bo_sensor_error_hartmann_3_value_qnei_seed9_jittered_exact_gaussian_jit0_std0.25_ceil0.9-fixed.csv,ordinal_pm,ordinal,0,50.0,0.03813824367258212,0.021307889470815855,0.2135263817446926,7.809258049507051e-05,False,False,50.0,True,50.0,True,,,,,,,,,,,,,,
output-boba-ceiling,hartmann_3,qnei,9,gaussian,0.25,0,ceil0.9-fixed,bo_sensor_error_hartmann_3_value_qnei_seed9_jittered_exact_gaussian_jit0_std0.25_ceil0.9-fixed.csv,ordinal_lcb1,ordinal,0,50.0,0.03813824367258212,0.021307889470815855,0.2135263817446926,7.809258049507051e-05,False,False,50.0,True,50.0,True,,,,,,,,,,,,,,
output-boba-ceiling,hartmann_3,qnei,9,gaussian,0.25,0,ceil0.9-fixed,bo_sensor_error_hartmann_3_value_qnei_seed9_jittered_exact_gaussian_jit0_std0.25_ceil0.9-fixed.csv,lucb_k8_rho1,lucb,8,24.0,0.18475865320662965,7.80925804955146e-05,0.2135263817446926,7.809258049507051e-05,False,False,24.0,True,24.0,False,5.0,3.0,0.12439370850006304,0.03813824367258212,5.0,4.0,7.80925804955146e-05,7.80925804955146e-05,,,,,,
output-boba-ceiling,hartmann_3,qnei,9,gaussian,0.25,0,ceil0.9-fixed,bo_sensor_error_hartmann_3_value_qnei_seed9_jittered_exact_gaussian_jit0_std0.25_ceil0.9-fixed.csv,lucb_k8_rho0.5,lucb,8,24.0,0.13667933157052792,7.80925804955146e-05,0.2135263817446926,7.809258049507051e-05,False,False,24.0,True,24.0,False,5.0,3.0,0.12439370850006304,0.03813824367258212,5.0,4.0,7.80925804955146e-05,7.80925804955146e-05,,,,,,
output-boba-ceiling,hartmann_3,qnei,9,gaussian,0.25,0,ceil0.9-fixed,bo_sensor_error_hartmann_3_value_qnei_seed9_jittered_exact_gaussian_jit0_std0.25_ceil0.9-fixed.csv,tournament_k8_lcb_rho1_post,tournament,8,,0.13667933157052792,7.80925804955146e-05,0.2135263817446926,7.809258049507051e-05,False,False,8.0,True,8.0,False,,,0.12439370850006304,0.0867627115561107,,,7.80925804955146e-05,7.80925804955146e-05,lcb,1.0,post,lcb,1.0,post
output-boba-ceiling,hartmann_3,qnei,9,gaussian,0.25,0,ceil0.9-fixed,bo_sensor_error_hartmann_3_value_qnei_seed9_jittered_exact_gaussian_jit0_std0.25_ceil0.9-fixed.csv,tournament_k8_lcb_rho1_look,tournament,8,,0.21352638174469307,7.80925804955146e-05,0.2135263817446926,7.809258049507051e-05,False,False,8.0,True,8.0,False,,,0.12439370850006304,0.0867627115561107,,,7.80925804955146e-05,7.80925804955146e-05,lcb,1.0,look,lcb,1.0,look
output-boba-ceiling,hartmann_3,qnei,9,gaussian,0.25,0,ceil0.9-fixed,bo_sensor_error_hartmann_3_value_qnei_seed9_jittered_exact_gaussian_jit0_std0.25_ceil0.9-fixed.csv,tournament_k8_lcb_rho0.5_post,tournament,8,,0.13667933157052792,7.80925804955146e-05,0.2135263817446926,7.809258049507051e-05,False,False,8.0,True,8.0,False,,,0.12439370850006304,0.0867627115561107,,,7.80925804955146e-05,7.80925804955146e-05,lcb,0.5,post,lcb,0.5,post
output-boba-ceiling,hartmann_3,qnei,9,gaussian,0.25,0,ceil0.9-fixed,bo_sensor_error_hartmann_3_value_qnei_seed9_jittered_exact_gaussian_jit0_std0.25_ceil0.9-fixed.csv,tournament_k8_lcb_rho0.5_look,tournament,8,,0.21352638174469307,7.80925804955146e-05,0.2135263817446926,7.809258049507051e-05,False,False,8.0,True,8.0,False,,,0.12439370850006304,0.0867627115561107,,,7.80925804955146e-05,7.80925804955146e-05,lcb,0.5,look,lcb,0.5,look
output-boba-ceiling,hartmann_3,qnei,9,gaussian,0.25,0,ceil0.9-fixed,bo_sensor_error_hartmann_3_value_qnei_seed9_jittered_exact_gaussian_jit0_std0.25_ceil0.9-fixed.csv,tournament_k8_obs_rho1_post,tournament,8,,0.4710973779481056,7.80925804955146e-05,0.2135263817446926,7.809258049507051e-05,False,False,8.0,True,8.0,False,,,0.21352638174469307,0.03813824367258212,,,7.80925804955146e-05,7.80925804955146e-05,obs,1.0,post,obs,1.0,post
output-boba-ceiling,hartmann_3,qnei,9,gaussian,0.25,0,ceil0.9-fixed,bo_sensor_error_hartmann_3_value_qnei_seed9_jittered_exact_gaussian_jit0_std0.25_ceil0.9-fixed.csv,tournament_k8_obs_rho1_look,tournament,8,,0.03813824367258212,7.80925804955146e-05,0.2135263817446926,7.809258049507051e-05,False,False,8.0,True,8.0,False,,,0.21352638174469307,0.03813824367258212,,,7.80925804955146e-05,7.80925804955146e-05,obs,1.0,look,obs,1.0,look
output-boba-ceiling,hartmann_3,qnei,9,gaussian,0.25,0,ceil0.9-fixed,bo_sensor_error_hartmann_3_value_qnei_seed9_jittered_exact_gaussian_jit0_std0.25_ceil0.9-fixed.csv,tournament_k8_obs_rho0.5_post,tournament,8,,0.4710973779481056,7.80925804955146e-05,0.2135263817446926,7.809258049507051e-05,False,False,8.0,True,8.0,False,,,0.21352638174469307,0.03813824367258212,,,7.80925804955146e-05,7.80925804955146e-05,obs,0.5,post,obs,0.5,post
output-boba-ceiling,hartmann_3,qnei,9,gaussian,0.25,0,ceil0.9-fixed,bo_sensor_error_hartmann_3_value_qnei_seed9_jittered_exact_gaussian_jit0_std0.25_ceil0.9-fixed.csv,tournament_k8_obs_rho0.5_look,tournament,8,,0.03813824367258212,7.80925804955146e-05,0.2135263817446926,7.809258049507051e-05,False,False,8.0,True,8.0,False,,,0.21352638174469307,0.03813824367258212,,,7.80925804955146e-05,7.80925804955146e-05,obs,0.5,look,obs,0.5,look
output-boba-ceiling,hartmann_3,qnei,9,gaussian,1.0,0,ceil0.9-fixed,bo_sensor_error_hartmann_3_value_qnei_seed9_jittered_exact_gaussian_jit0_std1.0_ceil0.9-fixed.csv,standard,standard,0,0.0,0.9096017392891635,7.809258049507051e-05,0.9096017392891635,7.809258049507051e-05,False,False,,,,,,,,,,,,,,,,,,
output-boba-ceiling,hartmann_3,qnei,9,gaussian,1.0,0,ceil0.9-fixed,bo_sensor_error_hartmann_3_value_qnei_seed9_jittered_exact_gaussian_jit0_std1.0_ceil0.9-fixed.csv,shortlist_m1,shortlist,0,1.0,1.02786980422714,7.80925804955146e-05,0.9096017392891635,7.809258049507051e-05,False,False,1.0,False,1.0,False,,,,,,,,,,,,,,
output-boba-ceiling,hartmann_3,qnei,9,gaussian,1.0,0,ceil0.9-fixed,bo_sensor_error_hartmann_3_value_qnei_seed9_jittered_exact_gaussian_jit0_std1.0_ceil0.9-fixed.csv,shortlist_m2,shortlist,0,2.0,0.6171355713182369,7.80925804955146e-05,0.9096017392891635,7.809258049507051e-05,False,False,2.0,True,2.0,False,,,,,,,,,,,,,,
output-boba-ceiling,hartmann_3,qnei,9,gaussian,1.0,0,ceil0.9-fixed,bo_sensor_error_hartmann_3_value_qnei_seed9_jittered_exact_gaussian_jit0_std1.0_ceil0.9-fixed.csv,shortlist_m3,shortlist,0,3.0,0.6171355713182369,7.80925804955146e-05,0.9096017392891635,7.809258049507051e-05,False,False,3.0,True,3.0,False,,,,,,,,,,,,,,
output-boba-ceiling,hartmann_3,qnei,9,gaussian,1.0,0,ceil0.9-fixed,bo_sensor_error_hartmann_3_value_qnei_seed9_jittered_exact_gaussian_jit0_std1.0_ceil0.9-fixed.csv,shortlist_m5,shortlist,0,5.0,0.1710207126982639,7.80925804955146e-05,0.9096017392891635,7.809258049507051e-05,False,False,5.0,True,5.0,False,,,,,,,,,,,,,,
output-boba-ceiling,hartmann_3,qnei,9,gaussian,1.0,0,ceil0.9-fixed,bo_sensor_error_hartmann_3_value_qnei_seed9_jittered_exact_gaussian_jit0_std1.0_ceil0.9-fixed.csv,ordinal_pm,ordinal,0,50.0,1.02786980422714,0.021307889470815855,0.9096017392891635,7.809258049507051e-05,False,False,50.0,False,50.0,True,,,,,,,,,,,,,,
output-boba-ceiling,hartmann_3,qnei,9,gaussian,1.0,0,ceil0.9-fixed,bo_sensor_error_hartmann_3_value_qnei_seed9_jittered_exact_gaussian_jit0_std1.0_ceil0.9-fixed.csv,ordinal_lcb1,ordinal,0,50.0,1.02786980422714,0.021307889470815855,0.9096017392891635,7.809258049507051e-05,False,False,50.0,False,50.0,True,,,,,,,,,,,,,,
output-boba-ceiling,hartmann_3,qnei,9,gaussian,1.0,0,ceil0.9-fixed,bo_sensor_error_hartmann_3_value_qnei_seed9_jittered_exact_gaussian_jit0_std1.0_ceil0.9-fixed.csv,lucb_k8_rho1,lucb,8,24.0,0.7904620018540296,7.80925804955146e-05,0.9096017392891635,7.809258049507051e-05,False,False,24.0,True,24.0,False,5.0,3.0,1.02786980422714,0.1710207126982639,5.0,4.0,7.80925804955146e-05,7.80925804955146e-05,,,,,,
output-boba-ceiling,hartmann_3,qnei,9,gaussian,1.0,0,ceil0.9-fixed,bo_sensor_error_hartmann_3_value_qnei_seed9_jittered_exact_gaussian_jit0_std1.0_ceil0.9-fixed.csv,lucb_k8_rho0.5,lucb,8,24.0,1.084621668466144,7.80925804955146e-05,0.9096017392891635,7.809258049507051e-05,False,False,24.0,True,24.0,False,5.0,3.0,1.02786980422714,0.1710207126982639,5.0,4.0,7.80925804955146e-05,7.80925804955146e-05,,,,,,
output-boba-ceiling,hartmann_3,qnei,9,gaussian,1.0,0,ceil0.9-fixed,bo_sensor_error_hartmann_3_value_qnei_seed9_jittered_exact_gaussian_jit0_std1.0_ceil0.9-fixed.csv,tournament_k8_lcb_rho1_post,tournament,8,,0.7904620018540296,7.80925804955146e-05,0.9096017392891635,7.809258049507051e-05,False,False,8.0,True,8.0,False,,,1.02786980422714,0.1710207126982639,,,7.80925804955146e-05,7.80925804955146e-05,lcb,1.0,post,lcb,1.0,post
output-boba-ceiling,hartmann_3,qnei,9,gaussian,1.0,0,ceil0.9-fixed,bo_sensor_error_hartmann_3_value_qnei_seed9_jittered_exact_gaussian_jit0_std1.0_ceil0.9-fixed.csv,tournament_k8_lcb_rho1_look,tournament,8,,0.7904620018540296,7.80925804955146e-05,0.9096017392891635,7.809258049507051e-05,False,False,8.0,True,8.0,False,,,1.02786980422714,0.1710207126982639,,,7.80925804955146e-05,7.80925804955146e-05,lcb,1.0,look,lcb,1.0,look
output-boba-ceiling,hartmann_3,qnei,9,gaussian,1.0,0,ceil0.9-fixed,bo_sensor_error_hartmann_3_value_qnei_seed9_jittered_exact_gaussian_jit0_std1.0_ceil0.9-fixed.csv,tournament_k8_lcb_rho0.5_post,tournament,8,,0.7904620018540296,7.80925804955146e-05,0.9096017392891635,7.809258049507051e-05,False,False,8.0,True,8.0,False,,,1.02786980422714,0.1710207126982639,,,7.80925804955146e-05,7.80925804955146e-05,lcb,0.5,post,lcb,0.5,post
output-boba-ceiling,hartmann_3,qnei,9,gaussian,1.0,0,ceil0.9-fixed,bo_sensor_error_hartmann_3_value_qnei_seed9_jittered_exact_gaussian_jit0_std1.0_ceil0.9-fixed.csv,tournament_k8_lcb_rho0.5_look,tournament,8,,0.7038938916392166,7.80925804955146e-05,0.9096017392891635,7.809258049507051e-05,False,False,8.0,True,8.0,False,,,1.02786980422714,0.1710207126982639,,,7.80925804955146e-05,7.80925804955146e-05,lcb,0.5,look,lcb,0.5,look
output-boba-ceiling,hartmann_3,qnei,9,gaussian,1.0,0,ceil0.9-fixed,bo_sensor_error_hartmann_3_value_qnei_seed9_jittered_exact_gaussian_jit0_std1.0_ceil0.9-fixed.csv,tournament_k8_obs_rho1_post,tournament,8,,0.1710207126982639,7.80925804955146e-05,0.9096017392891635,7.809258049507051e-05,False,False,8.0,True,8.0,False,,,0.909601739289164,0.1710207126982639,,,7.80925804955146e-05,7.80925804955146e-05,obs,1.0,post,obs,1.0,post
output-boba-ceiling,hartmann_3,qnei,9,gaussian,1.0,0,ceil0.9-fixed,bo_sensor_error_hartmann_3_value_qnei_seed9_jittered_exact_gaussian_jit0_std1.0_ceil0.9-fixed.csv,tournament_k8_obs_rho1_look,tournament,8,,0.1710207126982639,7.80925804955146e-05,0.9096017392891635,7.809258049507051e-05,False,False,8.0,True,8.0,False,,,0.909601739289164,0.1710207126982639,,,7.80925804955146e-05,7.80925804955146e-05,obs,1.0,look,obs,1.0,look
output-boba-ceiling,hartmann_3,qnei,9,gaussian,1.0,0,ceil0.9-fixed,bo_sensor_error_hartmann_3_value_qnei_seed9_jittered_exact_gaussian_jit0_std1.0_ceil0.9-fixed.csv,tournament_k8_obs_rho0.5_post,tournament,8,,1.02786980422714,7.80925804955146e-05,0.9096017392891635,7.809258049507051e-05,False,False,8.0,True,8.0,False,,,0.909601739289164,0.1710207126982639,,,7.80925804955146e-05,7.80925804955146e-05,obs,0.5,post,obs,0.5,post
output-boba-ceiling,hartmann_3,qnei,9,gaussian,1.0,0,ceil0.9-fixed,bo_sensor_error_hartmann_3_value_qnei_seed9_jittered_exact_gaussian_jit0_std1.0_ceil0.9-fixed.csv,tournament_k8_obs_rho0.5_look,tournament,8,,0.1710207126982639,7.80925804955146e-05,0.9096017392891635,7.809258049507051e-05,False,False,8.0,True,8.0,False,,,0.909601739289164,0.1710207126982639,,,7.80925804955146e-05,7.80925804955146e-05,obs,0.5,look,obs,0.5,look
