iteration,x0,x1,x2,x3,x4,x5,x6,x7,x8,x9,x10,objective_true,objective_observed,objective_true_deployed,input_error_l2,input_error_applied,error_applied,error_magnitude,acquisition,fit_time_sec,acq_opt_failed,seed,run_id,error_model,jitter_std,jitter_iteration,oracle_model,objective,observation_noise,known_noise_var,param_columns,y_opt,best_true_so_far,regret_inst_true,regret_cum_true,simple_regret_true,regret_avg_true,inference_value_true,inference_simple_regret_true,dataset
1,-3.4605544678887856,9.74553686675851,-3.625783230289665,5.770978716400579,7.3979302339243205,-2.178303869216121,-1.2423625375440235,-2.5450219382129387,-7.860928070544513,-0.42069091674566117,-5.172957098306354,0.4104892994768138,0.4104892994768138,0.4104892994768138,0.0,False,False,0.0,sobol,0.0,False,8,222a95f1-f293-4b9c-ad02-efdef2539085,misclick,0.05,20,exact,value,learned,1e-06,"x0,x1,x2,x3,x4,x5,x6,x7,x8,x9,x10",2.6244803317786123,0.4104892994768138,2.2139910323017986,2.2139910323017986,2.2139910323017986,2.2139910323017986,0.4104892994768138,2.2139910323017986,levy_10
2,-4.857095028977405,-6.305368863311703,-6.122709021913786,6.276553403100419,-1.5403162371154728,-4.881589896835479,1.8180570353082324,2.085445921169116,2.937160541203758,8.22712760897048,-6.9958777607606315,0.2824822027103648,0.2824822027103648,0.2824822027103648,0.0,False,False,0.0,sobol,0.0,False,8,222a95f1-f293-4b9c-ad02-efdef2539085,misclick,0.05,20,exact,value,learned,1e-06,"x0,x1,x2,x3,x4,x5,x6,x7,x8,x9,x10",2.6244803317786123,0.4104892994768138,2.3419981290682474,4.5559891613700465,2.2139910323017986,2.2779945806850233,0.4104892994768138,2.2139910323017986,levy_10
3,-2.5722574311520763,-4.307587249783749,-9.664358953510986,-6.36892125274541,-2.1066283740279435,-2.1337857982735153,2.3345588881400197,-0.954669423457073,2.1466133514294974,-5.538800291732544,-7.320257364012419,-0.3949587224150516,-0.3949587224150516,-0.3949587224150516,0.0,False,False,0.0,sobol,0.0,False,8,222a95f1-f293-4b9c-ad02-efdef2539085,misclick,0.05,20,exact,value,learned,1e-06,"x0,x1,x2,x3,x4,x5,x6,x7,x8,x9,x10",2.6244803317786123,0.4104892994768138,3.019439054193664,7.5754282155637105,2.2139910323017986,2.525142738521237,0.4104892994768138,2.2139910323017986,levy_10
4,-3.4142124657649227,-8.07783132943706,-2.6832017066440805,-0.7964138502008424,4.379772877790282,7.3404973867082575,-8.963286949666518,9.12191821331799,4.402028504307356,9.775471973463084,-7.624457814034196,-0.35953658243578,-0.35953658243578,-0.35953658243578,0.0,False,False,0.0,sobol,0.0,False,8,222a95f1-f293-4b9c-ad02-efdef2539085,misclick,0.05,20,exact,value,learned,1e-06,"x0,x1,x2,x3,x4,x5,x6,x7,x8,x9,x10",2.6244803317786123,0.4104892994768138,2.984016914214392,10.559445129778103,2.2139910323017986,2.639861282444526,0.4104892994768138,2.2139910323017986,levy_10
5,-2.499564886034009,0.045080238101624204,4.944469240369569,-3.7793810035347697,-1.0019144783080218,-4.47681294798707,-1.0166967459785354,0.19948015802741992,1.30055879529049,4.083814301840809,-5.1636002684237425,2.0834676156006213,2.0834676156006213,2.0834676156006213,0.0,False,False,0.0,sobol,0.0,False,8,222a95f1-f293-4b9c-ad02-efdef2539085,misclick,0.05,20,exact,value,learned,1e-06,"x0,x1,x2,x3,x4,x5,x6,x7,x8,x9,x10",2.6244803317786123,2.0834676156006213,0.541012716177991,11.100457845956093,0.541012716177991,2.2200915691912186,2.0834676156006213,0.541012716177991,levy_10
6,0.9312182106077671,-1.5833904221653938,-7.435699477791786,-4.471810664981604,-2.8816040605306625,0.15185454860329628,-3.63639023154974,-3.3378405310213566,6.621694713830948,-1.6805814020335674,-0.3089708462357521,1.3640439719637747,1.3640439719637747,1.3640439719637747,0.0,False,False,0.0,sobol,0.0,False,8,222a95f1-f293-4b9c-ad02-efdef2539085,misclick,0.05,20,exact,value,learned,1e-06,"x0,x1,x2,x3,x4,x5,x6,x7,x8,x9,x10",2.6244803317786123,2.0834676156006213,1.2604363598148376,12.360894205770931,0.541012716177991,2.060149034295155,2.0834676156006213,0.541012716177991,levy_10
7,-4.826802145689726,3.440821897238493,7.553935069590807,0.3421521745622158,6.918480079621077,-1.9099845178425312,1.9255121424794197,2.704320792108774,-8.693255130201578,4.039694331586361,5.1991743594408035,1.7997021417021473,1.7997021417021473,1.7997021417021473,0.0,False,False,0.0,sobol,0.0,False,8,222a95f1-f293-4b9c-ad02-efdef2539085,misclick,0.05,20,exact,value,learned,1e-06,"x0,x1,x2,x3,x4,x5,x6,x7,x8,x9,x10",2.6244803317786123,2.0834676156006213,0.824778190076465,13.185672395847396,0.541012716177991,1.8836674851210566,2.0834676156006213,0.541012716177991,levy_10
8,-8.216516580432653,-6.650228518992662,-1.0915210843086243,-8.746695797890425,1.0519614070653915,-9.100669752806425,-7.0791553892195225,6.287421882152557,-2.0824050903320312,5.90397572144866,4.28621981292963,-0.4997234489071737,-0.4997234489071737,-0.4997234489071737,0.0,False,False,0.0,sobol,0.0,False,8,222a95f1-f293-4b9c-ad02-efdef2539085,misclick,0.05,20,exact,value,learned,1e-06,"x0,x1,x2,x3,x4,x5,x6,x7,x8,x9,x10",2.6244803317786123,2.0834676156006213,3.124203780685786,16.30987617653318,0.541012716177991,2.0387345220666475,2.0834676156006213,0.541012716177991,levy_10
9,7.424617726355791,8.54062881320715,3.9371525682508945,6.457896959036589,-8.836393523961306,8.593188431113958,8.49205544218421,-6.9038258865475655,2.5880159996449947,-8.566147312521935,-9.34749349951744,-0.11443412824807196,-0.11443412824807196,-0.11443412824807196,0.0,False,False,0.0,sobol,0.0,False,8,222a95f1-f293-4b9c-ad02-efdef2539085,misclick,0.05,20,exact,value,learned,1e-06,"x0,x1,x2,x3,x4,x5,x6,x7,x8,x9,x10",2.6244803317786123,2.0834676156006213,2.738914460026684,19.048790636559865,0.541012716177991,2.116532292951096,2.0834676156006213,0.541012716177991,levy_10
10,8.644813355058432,-8.089321218430996,7.370717320591211,8.616252802312374,-6.092519294470549,4.618438426405191,-9.573678188025951,9.351908043026924,-2.727301251143217,0.2869206480681896,1.2587200105190277,-1.275600739667092,-1.275600739667092,-1.275600739667092,0.0,False,False,0.0,sobol,0.0,False,8,222a95f1-f293-4b9c-ad02-efdef2539085,misclick,0.05,20,exact,value,learned,1e-06,"x0,x1,x2,x3,x4,x5,x6,x7,x8,x9,x10",2.6244803317786123,2.0834676156006213,3.9000810714457046,22.94887170800557,0.541012716177991,2.294887170800557,2.0834676156006213,0.541012716177991,levy_10
11,-6.915376652032137,7.482148166745901,-7.638451009988785,-6.490988880395889,3.8745099678635597,-2.704631108790636,5.987924076616764,-9.966047070920467,1.987043358385563,-2.9380877315998077,-6.358751021325588,-1.4963960772866025,-1.4963960772866025,-1.4963960772866025,0.0,False,False,0.0,sobol,0.0,False,8,222a95f1-f293-4b9c-ad02-efdef2539085,misclick,0.05,20,exact,value,learned,1e-06,"x0,x1,x2,x3,x4,x5,x6,x7,x8,x9,x10",2.6244803317786123,2.0834676156006213,4.120876409065215,27.069748117070784,0.541012716177991,2.4608861924609804,2.0834676156006213,0.541012716177991,levy_10
12,-0.9691915847361088,-3.0322579480707645,0.9807242639362812,4.414570517838001,7.846248168498278,-6.138068716973066,-1.1414427496492863,-1.0521379299461842,8.48105164244771,-7.323272731155157,-2.9070767015218735,0.7988974719530353,0.7988974719530353,0.7988974719530353,0.0,False,False,0.0,sobol,0.0,False,8,222a95f1-f293-4b9c-ad02-efdef2539085,misclick,0.05,20,exact,value,learned,1e-06,"x0,x1,x2,x3,x4,x5,x6,x7,x8,x9,x10",2.6244803317786123,2.0834676156006213,1.825582859825577,28.89533097689636,0.541012716177991,2.407944248074697,2.0834676156006213,0.541012716177991,levy_10
13,4.552237670868635,2.3921357467770576,-3.9893578737974167,-0.4582912474870682,-1.8758000060915947,6.802371498197317,4.429466780275106,0.4160480387508869,-6.799701564013958,9.65188805013895,7.836037538945675,0.27170317760034685,0.27170317760034685,0.27170317760034685,0.0,False,False,0.0,sobol,0.0,False,8,222a95f1-f293-4b9c-ad02-efdef2539085,misclick,0.05,20,exact,value,learned,1e-06,"x0,x1,x2,x3,x4,x5,x6,x7,x8,x9,x10",2.6244803317786123,2.0834676156006213,2.3527771541782654,31.248108131074627,0.541012716177991,2.403700625467279,2.0834676156006213,0.541012716177991,levy_10
14,2.7407312020659447,-5.583289489150047,1.6366169787943363,-5.3577120043337345,5.33779626712203,9.015125930309296,-8.400675412267447,7.678600121289492,-4.205490741878748,-9.413782749325037,9.639078341424465,-0.39655154276752724,-0.39655154276752724,-0.39655154276752724,0.0,False,False,0.0,sobol,0.0,False,8,222a95f1-f293-4b9c-ad02-efdef2539085,misclick,0.05,20,exact,value,learned,1e-06,"x0,x1,x2,x3,x4,x5,x6,x7,x8,x9,x10",2.6244803317786123,2.0834676156006213,3.0210318745461393,34.26914000562077,0.541012716177991,2.447795714687198,2.0834676156006213,0.541012716177991,levy_10
15,-1.6576559469103813,9.939503762871027,-3.39330330491066,9.514224771410227,-4.394203573465347,-8.352041505277157,7.317324671894312,-8.314771074801683,1.1192268133163452,7.365948781371117,-4.539066478610039,-0.10239519255668468,-0.10239519255668468,-0.10239519255668468,0.0,False,False,0.0,sobol,0.0,False,8,222a95f1-f293-4b9c-ad02-efdef2539085,misclick,0.05,20,exact,value,learned,1e-06,"x0,x1,x2,x3,x4,x5,x6,x7,x8,x9,x10",2.6244803317786123,2.0834676156006213,2.726875524335297,36.99601552995607,0.541012716177991,2.4664010353304047,2.0834676156006213,0.541012716177991,levy_10
16,-5.14292735606432,-0.48229044303297997,5.480693746358156,-1.4343834109604359,-8.576514218002558,-0.5396366864442825,-2.4658460170030594,-1.9173585996031761,9.663975890725851,3.0028882808983326,-6.115778349339962,0.44981459429055165,0.44981459429055165,0.44981459429055165,0.0,False,False,0.0,sobol,0.0,False,8,222a95f1-f293-4b9c-ad02-efdef2539085,misclick,0.05,20,exact,value,learned,1e-06,"x0,x1,x2,x3,x4,x5,x6,x7,x8,x9,x10",2.6244803317786123,2.0834676156006213,2.1746657374880605,39.17068126744413,0.541012716177991,2.448167579215258,2.0834676156006213,0.541012716177991,levy_10
17,9.372336007654667,4.8738958686590195,-9.510140344500542,3.6719139106571674,1.3804775476455688,2.454667054116726,3.2611561566591263,1.3031480461359024,-5.01620814204216,-0.02699572592973709,1.1867983639240265,0.31262321968116386,0.31262321968116386,0.31262321968116386,0.0,False,False,0.0,sobol,0.0,False,8,222a95f1-f293-4b9c-ad02-efdef2539085,misclick,0.05,20,exact,value,learned,1e-06,"x0,x1,x2,x3,x4,x5,x6,x7,x8,x9,x10",2.6244803317786123,2.0834676156006213,2.3118571120974485,41.48253837954158,0.541012716177991,2.4401493164436223,2.0834676156006213,0.541012716177991,levy_10
18,5.495885014533997,-4.11871075630188,-1.6820678859949112,1.552925705909729,3.538631461560726,5.744907706975937,-4.963354077190161,-4.942634291946888,5.311784036457539,8.61872548237443,-8.16701129078865,0.809303584609487,0.809303584609487,0.809303584609487,0.0,False,False,0.0,sobol,0.0,False,8,222a95f1-f293-4b9c-ad02-efdef2539085,misclick,0.05,20,exact,value,learned,1e-06,"x0,x1,x2,x3,x4,x5,x6,x7,x8,x9,x10",2.6244803317786123,2.0834676156006213,1.8151767471691254,43.297715126710706,0.541012716177991,2.405428618150595,2.0834676156006213,0.541012716177991,levy_10
19,-8.78783218562603,1.0127714462578297,3.289256114512682,-3.6513330414891243,-6.34015342220664,-6.253607384860516,0.7549556531012058,4.326454401016235,-9.412328880280256,-5.656278245151043,3.276788629591465,-0.7138872808508856,-0.7138872808508856,-0.7138872808508856,0.0,False,False,0.0,sobol,0.0,False,8,222a95f1-f293-4b9c-ad02-efdef2539085,misclick,0.05,20,exact,value,learned,1e-06,"x0,x1,x2,x3,x4,x5,x6,x7,x8,x9,x10",2.6244803317786123,2.0834676156006213,3.338367612629498,46.6360827393402,0.541012716177991,2.4545306704915895,2.0834676156006213,0.541012716177991,levy_10
20,-2.8590027987957,-9.209972452372313,-5.571959316730499,5.403049066662788,-0.3802521899342537,-4.688837751746178,-5.903525277972221,5.432117525488138,-1.0631569847464561,-3.7698732502758503,7.31470562517643,-0.02318664599482075,-0.02318664599482075,-0.02318664599482075,0.0,False,False,0.0,sobol,0.0,False,8,222a95f1-f293-4b9c-ad02-efdef2539085,misclick,0.05,20,exact,value,learned,1e-06,"x0,x1,x2,x3,x4,x5,x6,x7,x8,x9,x10",2.6244803317786123,2.0834676156006213,2.647666977773433,49.283749717113636,0.541012716177991,2.464187485855682,2.0834676156006213,0.541012716177991,levy_10
21,1.4634659141302109,6.068623512983322,9.43840378895402,-9.410599134862423,9.429335240274668,2.931930832564831,9.823787733912468,-6.065403614193201,4.227359760552645,1.7549777030944824,-2.2534510865807533,-2.2819329673585975,-2.2819329673585975,-2.2819329673585975,0.0,False,True,0.0,sobol,0.0,False,8,222a95f1-f293-4b9c-ad02-efdef2539085,misclick,0.05,20,exact,value,learned,1e-06,"x0,x1,x2,x3,x4,x5,x6,x7,x8,x9,x10",2.6244803317786123,2.0834676156006213,4.90641329913721,54.19016301625085,0.541012716177991,2.5804839531548023,2.0834676156006213,0.541012716177991,levy_10
22,2.2515661641955376,-9.961179420351982,-2.8932896070182323,4.169578365981579,-9.586362522095442,-7.168067507445812,1.629400309175253,6.1069029197096825,0.30859794467687607,-3.2944452203810215,-1.3360608741641045,-1.3291266707143023,-1.3291266707143023,-1.3291266707143023,0.0,False,True,0.0,sobol,0.0,False,8,222a95f1-f293-4b9c-ad02-efdef2539085,misclick,0.05,20,exact,value,learned,1e-06,"x0,x1,x2,x3,x4,x5,x6,x7,x8,x9,x10",2.6244803317786123,2.0834676156006213,3.9536070024929146,58.143770018743766,0.541012716177991,2.642898637215626,2.0834676156006213,0.541012716177991,levy_10
23,-3.355393372476101,5.609851274639368,2.0768117159605026,-0.6258577108383179,0.5348571017384529,5.17682209610939,-2.7310247160494328,-5.473616570234299,-4.410629775375128,0.9462214261293411,6.280146837234497,1.331650842575373,1.331650842575373,1.331650842575373,0.0,False,True,0.0,sobol,0.0,False,8,222a95f1-f293-4b9c-ad02-efdef2539085,misclick,0.05,20,exact,value,learned,1e-06,"x0,x1,x2,x3,x4,x5,x6,x7,x8,x9,x10",2.6244803317786123,2.0834676156006213,1.2928294892032393,59.43659950794701,0.541012716177991,2.584199978606392,2.0834676156006213,0.541012716177991,levy_10
24,-9.849058724939823,-4.910820480436087,-9.364402052015066,7.780391313135624,6.494739223271608,3.617202155292034,7.5623998418450356,-4.13357874378562,-6.061193235218525,9.080797303467989,2.8282110020518303,-1.6717122324380773,-1.6717122324380773,-1.6717122324380773,0.0,False,True,0.0,sobol,0.0,False,8,222a95f1-f293-4b9c-ad02-efdef2539085,misclick,0.05,20,exact,value,learned,1e-06,"x0,x1,x2,x3,x4,x5,x6,x7,x8,x9,x10",2.6244803317786123,2.0834676156006213,4.29619256421669,63.7327920721637,0.541012716177991,2.6555330030068207,2.0834676156006213,0.541012716177991,levy_10
25,5.640402026474476,0.5143170803785324,5.644747018814087,-7.405655309557915,-3.6956777796149254,-4.360316917300224,-6.787802390754223,4.7497582994401455,9.224443081766367,-6.41002181917429,-7.913726940751076,-1.0498859489487742,-1.0498859489487742,-1.0498859489487742,0.0,False,True,0.0,sobol,0.0,False,8,222a95f1-f293-4b9c-ad02-efdef2539085,misclick,0.05,20,exact,value,learned,1e-06,"x0,x1,x2,x3,x4,x5,x6,x7,x8,x9,x10",2.6244803317786123,2.0834676156006213,3.6743662807273862,67.40715835289109,0.541012716177991,2.6962863341156433,2.0834676156006213,0.541012716177991,levy_10
26,9.501294940710068,-0.9618100523948669,2.8508497774600983,-7.669174429029226,-1.5371901541948318,-7.5916969403624535,5.066993739455938,-1.4960145764052868,-9.207187313586473,4.689330253750086,0.23040346801280975,-0.08019828274605045,-0.08019828274605045,-0.08019828274605045,0.0,False,True,0.0,sobol,0.0,False,8,222a95f1-f293-4b9c-ad02-efdef2539085,misclick,0.05,20,exact,value,learned,1e-06,"x0,x1,x2,x3,x4,x5,x6,x7,x8,x9,x10",2.6244803317786123,2.0834676156006213,2.7046786145246626,70.11183696741575,0.541012716177991,2.696609114131375,2.0834676156006213,0.541012716177991,levy_10
27,-6.230099871754646,4.062879104167223,-2.1778427623212337,7.457973267883062,8.730804454535246,9.428485631942749,-9.293742123991251,2.1102247945964336,6.122410669922829,-2.046613357961178,-5.276551730930805,-1.0036552429932624,-1.0036552429932624,-1.0036552429932624,0.0,False,True,0.0,sobol,0.0,False,8,222a95f1-f293-4b9c-ad02-efdef2539085,misclick,0.05,20,exact,value,learned,1e-06,"x0,x1,x2,x3,x4,x5,x6,x7,x8,x9,x10",2.6244803317786123,2.0834676156006213,3.628135574771875,73.73997254218763,0.541012716177991,2.731110094155097,2.0834676156006213,0.541012716177991,levy_10
28,-2.1378663182258606,-6.0219247452914715,9.2701206356287,-4.131564330309629,4.548474624752998,1.6116180643439293,4.124992676079273,8.273262567818165,4.666895102709532,-7.662724573165178,-4.363868534564972,0.260477937214092,0.260477937214092,0.260477937214092,0.0,False,True,0.0,sobol,0.0,False,8,222a95f1-f293-4b9c-ad02-efdef2539085,misclick,0.05,20,exact,value,learned,1e-06,"x0,x1,x2,x3,x4,x5,x6,x7,x8,x9,x10",2.6244803317786123,2.0834676156006213,2.3640023945645203,76.10397493675215,0.541012716177991,2.7179991048840053,2.0834676156006213,0.541012716177991,levy_10
29,3.554155007004738,9.168150573968887,-5.719494950026274,0.7612228207290173,-5.494527835398912,-1.0265455394983292,-0.22551920264959335,-7.637091353535652,-0.018174126744270325,5.323066264390945,9.268586821854115,0.27213874610131444,0.27213874610131444,0.27213874610131444,0.0,False,True,0.0,sobol,0.0,False,8,222a95f1-f293-4b9c-ad02-efdef2539085,misclick,0.05,20,exact,value,learned,1e-06,"x0,x1,x2,x3,x4,x5,x6,x7,x8,x9,x10",2.6244803317786123,2.0834676156006213,2.352341585677298,78.45631652242945,0.541012716177991,2.70539022491136,2.0834676156006213,0.541012716177991,levy_10
30,4.076641891151667,-3.4924082830548286,8.659413009881973,5.700611919164658,2.0324743911623955,-3.2290765829384327,6.393991038203239,-0.5356720834970474,-7.726521249860525,-5.612416844815016,8.246834762394428,0.4943954135834413,0.4943954135834413,0.4943954135834413,0.0,False,True,0.0,sobol,0.0,False,8,222a95f1-f293-4b9c-ad02-efdef2539085,misclick,0.05,20,exact,value,learned,1e-06,"x0,x1,x2,x3,x4,x5,x6,x7,x8,x9,x10",2.6244803317786123,2.0834676156006213,2.130084918195171,80.58640144062461,0.541012716177991,2.6862133813541536,2.0834676156006213,0.541012716177991,levy_10
31,-0.16030607745051384,1.639855932444334,-6.350968983024359,-9.193061925470829,-8.00050025805831,3.815367463976145,-8.123142644762993,1.1717622354626656,6.982942931354046,7.6469190046191216,-3.2006675004959106,0.6562822896039654,0.6562822896039654,0.6562822896039654,0.0,False,True,0.0,sobol,0.0,False,8,222a95f1-f293-4b9c-ad02-efdef2539085,misclick,0.05,20,exact,value,learned,1e-06,"x0,x1,x2,x3,x4,x5,x6,x7,x8,x9,x10",2.6244803317786123,2.0834676156006213,1.968198042174647,82.55459948279926,0.541012716177991,2.663051596219331,2.0834676156006213,0.541012716177991,levy_10
32,-6.791645046323538,-8.58669312670827,4.688364043831825,2.363230511546135,-4.0287429466843605,7.2538781724870205,2.9493960179388523,9.695046078413725,3.4766055084764957,2.0135646127164364,-7.238235659897327,0.3368942343466413,0.3368942343466413,0.3055305121924636,24.74481729286563,True,True,0.0,sobol,0.0,False,8,222a95f1-f293-4b9c-ad02-efdef2539085,misclick,0.05,20,exact,value,learned,1e-06,"x0,x1,x2,x3,x4,x5,x6,x7,x8,x9,x10",2.6244803317786123,2.0834676156006213,2.287586097431971,84.84218558023123,0.541012716177991,2.651318299382226,2.0834676156006213,0.541012716177991,levy_10
33,7.562791872769594,6.6914260014891624,-0.2829409949481487,-2.7648232504725456,6.2492127157747746,-5.418312530964613,-1.5572085045278072,-9.080907385796309,-1.7992625012993813,-4.995618537068367,2.333536371588707,0.5450629349335807,0.5450629349335807,0.5450629349335807,0.0,False,True,0.0,sobol,0.0,False,8,222a95f1-f293-4b9c-ad02-efdef2539085,misclick,0.05,20,exact,value,learned,1e-06,"x0,x1,x2,x3,x4,x5,x6,x7,x8,x9,x10",2.6244803317786123,2.0834676156006213,2.079417396845032,86.92160297707626,0.541012716177991,2.633987969002311,2.0834676156006213,0.541012716177991,levy_10
34,6.358163859695196,-7.459886334836483,-8.721384089440107,-2.461936417967081,8.993382658809423,-1.5408753044903278,0.4563642293214798,7.174817081540823,1.6257976740598679,6.403817962855101,-9.562920406460762,0.12856281141365233,0.12856281141365233,0.12856281141365233,0.0,False,True,0.0,sobol,0.0,False,8,222a95f1-f293-4b9c-ad02-efdef2539085,misclick,0.05,20,exact,value,learned,1e-06,"x0,x1,x2,x3,x4,x5,x6,x7,x8,x9,x10",2.6244803317786123,2.0834676156006213,2.49591752036496,89.41752049744122,0.541012716177991,2.6299270734541533,2.0834676156006213,0.541012716177991,levy_10
35,-8.066848535090685,8.062163051217794,6.269469186663628,2.7244059182703495,-1.2065282464027405,0.7989788986742496,-4.060468152165413,-6.558413412421942,-3.694037366658449,-9.360255300998688,4.618853442370892,0.24533980030251482,0.24533980030251482,0.24533980030251482,0.0,False,True,0.0,sobol,0.0,False,8,222a95f1-f293-4b9c-ad02-efdef2539085,misclick,0.05,20,exact,value,learned,1e-06,"x0,x1,x2,x3,x4,x5,x6,x7,x8,x9,x10",2.6244803317786123,2.0834676156006213,2.3791405314760974,91.79666102891731,0.541012716177991,2.622761743683352,2.0834676156006213,0.541012716177991,levy_10
36,-4.034087304025888,-2.3558069206774235,-4.802176710218191,-5.7261125929653645,-7.073027733713388,7.985124792903662,8.88676980510354,-2.5846870243549347,-7.082841619849205,-1.2429234944283962,6.195904314517975,-0.3169628533848151,-0.3169628533848151,-0.3169628533848151,0.0,False,True,0.0,sobol,0.0,False,8,222a95f1-f293-4b9c-ad02-efdef2539085,misclick,0.05,20,exact,value,learned,1e-06,"x0,x1,x2,x3,x4,x5,x6,x7,x8,x9,x10",2.6244803317786123,2.0834676156006213,2.9414431851634273,94.73810421408074,0.541012716177991,2.631614005946687,2.0834676156006213,0.541012716177991,levy_10
37,0.430289339274168,3.000818081200123,0.22772431373596191,9.069599825888872,3.0386121571063995,-9.977593254297972,-5.619534607976675,3.218207024037838,7.59245989844203,3.2713021710515022,-1.1103693768382072,-0.2205871462601706,-0.2205871462601706,-0.2205871462601706,0.0,False,True,0.0,sobol,0.0,False,8,222a95f1-f293-4b9c-ad02-efdef2539085,misclick,0.05,20,exact,value,learned,1e-06,"x0,x1,x2,x3,x4,x5,x6,x7,x8,x9,x10",2.6244803317786123,2.0834676156006213,2.845067478038783,97.58317169211952,0.541012716177991,2.637383018705933,2.0834676156006213,0.541012716177991,levy_10
38,0.17060143873095512,-6.514953356236219,5.03421014174819,0.9601506404578686,-2.3626031540334225,-5.126594882458448,7.9535070434212685,0.9265216998755932,-4.9143932200968266,-2.329111658036709,-6.835394408553839,0.8782208139157832,0.8782208139157832,0.8782208139157832,0.0,False,True,0.0,sobol,0.0,False,8,222a95f1-f293-4b9c-ad02-efdef2539085,misclick,0.05,20,exact,value,learned,1e-06,"x0,x1,x2,x3,x4,x5,x6,x7,x8,x9,x10",2.6244803317786123,2.0834676156006213,1.746259517862829,99.32943120998235,0.541012716177991,2.6139324002626934,2.0834676156006213,0.541012716177991,levy_10
39,-4.066195134073496,8.372388184070587,-9.99447975307703,-3.8348866812884808,7.6812150701880455,6.88412731513381,-6.552792601287365,-0.31034184619784355,0.4200899600982666,4.6800620295107365,1.7208677344024181,-0.3791063551898811,-0.3791063551898811,-0.3791063551898811,0.0,False,True,0.0,sobol,0.0,False,8,222a95f1-f293-4b9c-ad02-efdef2539085,misclick,0.05,20,exact,value,learned,1e-06,"x0,x1,x2,x3,x4,x5,x6,x7,x8,x9,x10",2.6244803317786123,2.0834676156006213,3.0035866869684935,102.33301789695084,0.541012716177991,2.623923535819252,2.0834676156006213,0.541012716177991,levy_10
40,-7.573105115443468,-1.425551027059555,1.4568799547851086,7.07097789272666,4.3483432568609715,4.068098906427622,1.3944405876100063,-8.837879821658134,8.789401110261679,5.293198078870773,7.682879138737917,0.8604497539049979,0.8604497539049979,0.8604497539049979,0.0,False,True,0.0,sobol,0.0,False,8,222a95f1-f293-4b9c-ad02-efdef2539085,misclick,0.05,20,exact,value,learned,1e-06,"x0,x1,x2,x3,x4,x5,x6,x7,x8,x9,x10",2.6244803317786123,2.0834676156006213,1.7640305778736143,104.09704847482445,0.541012716177991,2.602426211870611,2.0834676156006213,0.541012716177991,levy_10
41,6.781178023666143,3.3159356005489826,-3.5327431187033653,-8.114698585122824,-5.9193988516926765,-3.5599938221275806,-3.1223870255053043,9.471165873110294,-5.861486047506332,-7.966128010302782,-2.7488830126821995,-0.2844759032736268,-0.2844759032736268,-0.40246676605129544,31.975372326815528,True,True,0.0,sobol,0.0,False,8,222a95f1-f293-4b9c-ad02-efdef2539085,misclick,0.05,20,exact,value,learned,1e-06,"x0,x1,x2,x3,x4,x5,x6,x7,x8,x9,x10",2.6244803317786123,2.0834676156006213,2.908956235052239,107.00600470987669,0.541012716177991,2.6099025538994316,2.0834676156006213,0.541012716177991,levy_10
42,8.077163267880678,-2.552281226962805,-5.079661123454571,-7.128523215651512,-9.307937771081924,-9.644462298601866,3.891204781830311,-6.782603561878204,5.687963850796223,0.9371326118707657,5.3585112653672695,-1.5311758440686871,-1.5311758440686871,-1.5311758440686871,0.0,False,True,0.0,sobol,0.0,False,8,222a95f1-f293-4b9c-ad02-efdef2539085,misclick,0.05,20,exact,value,learned,1e-06,"x0,x1,x2,x3,x4,x5,x6,x7,x8,x9,x10",2.6244803317786123,2.0834676156006213,4.1556561758473,111.16166088572399,0.541012716177991,2.6467062115648567,2.0834676156006213,0.541012716177991,levy_10
43,-6.347697731107473,1.9451213628053665,9.89043278619647,7.998864687979221,0.8814347349107265,7.730029430240393,-0.6154045090079308,7.418774478137493,-9.006852190941572,-3.5770835913717747,-0.46327246353030205,-0.3775414713717436,-0.3775414713717436,0.005019416694796055,23.81715505860043,True,True,0.0,sobol,0.0,False,8,222a95f1-f293-4b9c-ad02-efdef2539085,misclick,0.05,20,exact,value,learned,1e-06,"x0,x1,x2,x3,x4,x5,x6,x7,x8,x9,x10",2.6244803317786123,2.0834676156006213,3.002021803150356,114.16368268887435,0.541012716177991,2.6549693648575428,2.0834676156006213,0.541012716177991,levy_10
44,-0.44058380648493767,-7.65147753059864,-1.5481453016400337,-1.0908988118171692,7.3978060483932495,1.171401236206293,5.4571389220654964,3.443236853927374,-0.5200841650366783,-6.713261343538761,-8.886641580611467,1.017196906190153,1.017196906190153,1.017196906190153,0.0,False,True,0.0,sobol,0.0,False,8,222a95f1-f293-4b9c-ad02-efdef2539085,misclick,0.05,20,exact,value,learned,1e-06,"x0,x1,x2,x3,x4,x5,x6,x7,x8,x9,x10",2.6244803317786123,2.0834676156006213,1.6072834255884594,115.77096611446281,0.541012716177991,2.631158320783246,2.0834676156006213,0.541012716177991,levy_10
45,4.023639056831598,7.011349443346262,3.461006488651037,3.80209993571043,-2.7237422205507755,-1.8351094610989094,-9.059999529272318,-2.829026337713003,4.780198205262423,9.050802160054445,3.8108722306787968,0.6259056719488184,0.6259056719488184,0.6259056719488184,0.0,False,True,0.0,sobol,0.0,False,8,222a95f1-f293-4b9c-ad02-efdef2539085,misclick,0.05,20,exact,value,learned,1e-06,"x0,x1,x2,x3,x4,x5,x6,x7,x8,x9,x10",2.6244803317786123,2.0834676156006213,1.998574659829794,117.76954077429261,0.541012716177991,2.6171009060953914,2.0834676156006213,0.541012716177991,levy_10
46,3.344954624772072,-0.026574674993753433,-0.9129435941576958,8.897443432360888,9.886879362165928,-3.987894579768181,2.5594725646078587,-5.24790471419692,7.495744973421097,-8.764020204544067,3.743594978004694,0.24244859963095675,0.24244859963095675,0.24244859963095675,0.0,False,True,0.0,sobol,0.0,False,8,222a95f1-f293-4b9c-ad02-efdef2539085,misclick,0.05,20,exact,value,learned,1e-06,"x0,x1,x2,x3,x4,x5,x6,x7,x8,x9,x10",2.6244803317786123,2.0834676156006213,2.3820317321476554,120.15157250644026,0.541012716177991,2.6119907066617447,2.0834676156006213,0.541012716177991,levy_10
47,-2.261851131916046,4.382785297930241,4.077902268618345,-5.99585073068738,-0.2250225655734539,3.3229679986834526,-1.7910345457494259,5.862043704837561,-7.848501745611429,6.726789604872465,-8.63885285332799,0.7560430110792402,0.7560430110792402,0.7560430110792402,0.0,False,True,0.0,sobol,0.0,False,8,222a95f1-f293-4b9c-ad02-efdef2539085,misclick,0.05,20,exact,value,learned,1e-06,"x0,x1,x2,x3,x4,x5,x6,x7,x8,x9,x10",2.6244803317786123,2.0834676156006213,1.868437320699372,122.02000982713963,0.541012716177991,2.5961704218540347,2.0834676156006213,0.541012716177991,levy_10
48,-5.62994547188282,-5.081816129386425,-6.990497596561909,3.060057256370783,-6.804258935153484,5.509953051805496,6.627695485949516,4.526259712874889,-1.373416781425476,3.612433560192585,-2.0905987732112408,-0.1079133531317644,-0.1079133531317644,-0.1079133531317644,0.0,False,True,0.0,sobol,0.0,False,8,222a95f1-f293-4b9c-ad02-efdef2539085,misclick,0.05,20,exact,value,learned,1e-06,"x0,x1,x2,x3,x4,x5,x6,x7,x8,x9,x10",2.6244803317786123,2.0834676156006213,2.7323936849103765,124.75240351205001,0.541012716177991,2.5990084065010417,2.0834676156006213,0.541012716177991,levy_10
49,9.85936388373375,9.4734369777143,8.039406146854162,-2.0676072873175144,3.3948457427322865,-7.423162870109081,-7.733035609126091,-3.890169858932495,3.28723868355155,-0.6282234750688076,7.166349049657583,-0.4092895123659315,-0.4092895123659315,-0.4092895123659315,0.0,False,True,0.0,sobol,0.0,False,8,222a95f1-f293-4b9c-ad02-efdef2539085,misclick,0.05,20,exact,value,learned,1e-06,"x0,x1,x2,x3,x4,x5,x6,x7,x8,x9,x10",2.6244803317786123,2.0834676156006213,3.033769844144544,127.78617335619455,0.541012716177991,2.6078810889019297,2.0834676156006213,0.541012716177991,levy_10
50,6.219642348587513,-9.030902553349733,0.8479613624513149,-3.015025369822979,1.8422946147620678,-0.7738140970468521,9.121817741543055,2.3539531603455544,-3.2700021378695965,7.969726733863354,-4.688718859106302,0.5894095361286869,0.5894095361286869,0.5894095361286869,0.0,False,True,0.0,sobol,0.0,False,8,222a95f1-f293-4b9c-ad02-efdef2539085,misclick,0.05,20,exact,value,learned,1e-06,"x0,x1,x2,x3,x4,x5,x6,x7,x8,x9,x10",2.6244803317786123,2.0834676156006213,2.0350707956499257,129.82124415184447,0.541012716177991,2.5964248830368892,2.0834676156006213,0.541012716177991,levy_10
