iteration,x0,x1,x2,objective_true,objective_observed,objective_true_deployed,input_error_l2,input_error_applied,error_applied,error_magnitude,acquisition,fit_time_sec,acq_opt_failed,seed,run_id,error_model,jitter_std,jitter_iteration,oracle_model,objective,observation_noise,known_noise_var,param_columns,y_opt,best_true_so_far,regret_inst_true,regret_cum_true,simple_regret_true,regret_avg_true,inference_value_true,inference_simple_regret_true,dataset
1,0.3269722766055607,0.9872768433379255,0.31871083848551673,-0.8319238249602062,-0.8319238249602062,-0.5371018995290565,0.06712043836365664,True,True,0.0,logei,0.0,False,8,e79ab9a6-71e3-4ecf-8e78-2584307d8e47,slip,0.05,0,exact,value,learned,1e-06,"x0,x1,x2",3.0549009421557276,-0.8319238249602062,3.8868247671159337,3.8868247671159337,3.8868247671159337,3.8868247671159337,-0.5371018995290565,3.592002841684784,hartmann_3
2,0.7885489358200289,0.8698965116962161,0.391084806539194,-0.3189445542952395,-0.3189445542952395,-0.6314564796850167,0.10250943496873106,True,True,0.0,logei,0.0,False,8,e79ab9a6-71e3-4ecf-8e78-2584307d8e47,slip,0.05,0,exact,value,learned,1e-06,"x0,x1,x2",3.0549009421557276,-0.3189445542952395,3.373845496450967,7.260670263566901,3.373845496450967,3.6303351317834505,-0.6314564796850167,3.686357421840744,hartmann_3
3,0.4378818731227988,0.37274890308935305,0.10695359647277436,-0.7811021677338968,-0.7811021677338968,-0.7389082132097465,0.05959325610258758,True,True,0.0,logei,0.0,False,8,e79ab9a6-71e3-4ecf-8e78-2584307d8e47,slip,0.05,0,exact,value,learned,1e-06,"x0,x1,x2",3.0549009421557276,-0.3189445542952395,3.8360031098896243,11.096673373456525,3.373845496450967,3.6988911244855083,-0.6314564796850167,3.686357421840744,hartmann_3
4,0.47896545416271696,0.24135214508468228,0.25714524855112975,-0.04954933121258355,-0.04954933121258355,-0.12261625756300014,0.10226271367540833,True,True,0.0,logei,0.0,False,8,e79ab9a6-71e3-4ecf-8e78-2584307d8e47,slip,0.05,0,exact,value,learned,1e-06,"x0,x1,x2",3.0549009421557276,-0.04954933121258355,3.104450273368311,14.201123646824836,3.104450273368311,3.550280911706209,-0.12261625756300014,3.1775171997187277,hartmann_3
5,0.1847315568344149,0.1938645489043107,0.813827670155021,0.43764351965349163,0.43764351965349163,0.26719788296726216,0.04951990280200271,True,True,0.0,logei,0.0,False,8,e79ab9a6-71e3-4ecf-8e78-2584307d8e47,slip,0.05,0,exact,value,learned,1e-06,"x0,x1,x2",3.0549009421557276,0.43764351965349163,2.617257422502236,16.81838106932707,2.617257422502236,3.363676213865414,0.26719788296726216,2.7877030591884653,hartmann_3
6,0.26886583619589993,0.2342905064002636,0.7338723003117574,0.7441196216972219,0.7441196216972219,0.33358180544509375,0.08831053669420796,True,True,0.0,logei,0.6822527999756858,False,8,e79ab9a6-71e3-4ecf-8e78-2584307d8e47,slip,0.05,0,exact,value,learned,1e-06,"x0,x1,x2",3.0549009421557276,0.7441196216972219,2.3107813204585055,19.129162389785577,2.3107813204585055,3.1881937316309297,0.33358180544509375,2.7213191367106337,hartmann_3
7,0.5625081003115467,0.20336905680376327,0.5913637354101201,-0.7359802954384914,-0.7359802954384914,-0.5808713111314152,0.11076952552402118,True,True,0.0,logei,0.25892109994310886,False,8,e79ab9a6-71e3-4ecf-8e78-2584307d8e47,slip,0.05,0,exact,value,learned,1e-06,"x0,x1,x2",3.0549009421557276,0.7441196216972219,3.790881237594219,22.920043627379798,2.3107813204585055,3.2742919467685425,0.33358180544509375,2.7213191367106337,hartmann_3
8,0.19842549390480274,0.32131850023075315,0.6938978706430332,1.3639069511553843,1.3639069511553843,0.5859849111535876,0.12255213375316287,True,True,0.0,logei,0.36372479994315654,False,8,e79ab9a6-71e3-4ecf-8e78-2584307d8e47,slip,0.05,0,exact,value,learned,1e-06,"x0,x1,x2",3.0549009421557276,1.3639069511553843,1.6909939910003433,24.61103761838014,1.6909939910003433,3.0763797022975177,0.5859849111535876,2.46891603100214,hartmann_3
9,0.13370068323948,0.3170447637205069,0.594078260765687,-0.5035307798583301,-0.5035307798583301,-0.26189203440776637,0.10770463559237167,True,True,0.0,logei,0.20399790001101792,False,8,e79ab9a6-71e3-4ecf-8e78-2584307d8e47,slip,0.05,0,exact,value,learned,1e-06,"x0,x1,x2",3.0549009421557276,1.3639069511553843,3.5584317220140576,28.169469340394198,1.6909939910003433,3.1299410378215775,0.5859849111535876,2.46891603100214,hartmann_3
10,0.0,0.5767208161037425,0.689550973901955,0.7942068161011185,0.7942068161011185,1.5524468698327434,0.08174317250564082,True,True,0.0,logei,0.4251725999638438,False,8,e79ab9a6-71e3-4ecf-8e78-2584307d8e47,slip,0.05,0,exact,value,learned,1e-06,"x0,x1,x2",3.0549009421557276,1.3639069511553843,2.260694126054609,30.430163466448807,1.6909939910003433,3.0430163466448805,0.5859849111535876,2.46891603100214,hartmann_3
11,0.0,0.17499151332568588,0.6852617645685954,-0.4415255677271809,-0.4415255677271809,-0.2602392438410977,0.06041484278639885,True,True,0.0,logei,0.30965280008967966,False,8,e79ab9a6-71e3-4ecf-8e78-2584307d8e47,slip,0.05,0,exact,value,learned,1e-06,"x0,x1,x2",3.0549009421557276,1.3639069511553843,3.4964265098829084,33.92658997633171,1.6909939910003433,3.084235452393792,0.5859849111535876,2.46891603100214,hartmann_3
12,0.17083152614856625,0.4297106905271363,0.7103209526230003,0.005436902707584136,0.005436902707584136,1.3674087807716053,0.15942635704854458,True,True,0.0,logei,0.25871510000433773,False,8,e79ab9a6-71e3-4ecf-8e78-2584307d8e47,slip,0.05,0,exact,value,learned,1e-06,"x0,x1,x2",3.0549009421557276,1.3639069511553843,3.0494640394481434,36.97605401577986,1.6909939910003433,3.0813378346483216,0.5859849111535876,2.46891603100214,hartmann_3
13,0.2206865068028912,0.30588738186924613,0.6884723876208301,0.20717488354893984,0.20717488354893984,0.44773370185569944,0.08142476098554857,True,True,0.0,logei,0.36026609991677105,False,8,e79ab9a6-71e3-4ecf-8e78-2584307d8e47,slip,0.05,0,exact,value,learned,1e-06,"x0,x1,x2",3.0549009421557276,1.3639069511553843,2.8477260586067876,39.82378007438665,1.6909939910003433,3.063367698029742,0.5859849111535876,2.46891603100214,hartmann_3
14,0.1889419826651726,0.310084919209382,0.6690461072966681,0.20138551390645132,0.20138551390645132,0.294608337778852,0.0242019858268361,True,True,0.0,logei,0.36377239995636046,False,8,e79ab9a6-71e3-4ecf-8e78-2584307d8e47,slip,0.05,0,exact,value,learned,1e-06,"x0,x1,x2",3.0549009421557276,1.3639069511553843,2.8535154282492763,42.67729550263592,1.6909939910003433,3.04837825018828,0.5859849111535876,2.46891603100214,hartmann_3
15,0.0,0.5854162769951958,0.6617961579926086,1.7933615010198076,1.7933615010198076,1.3247464612360584,0.11266161289342916,True,True,0.0,logei,0.6397027000784874,False,8,e79ab9a6-71e3-4ecf-8e78-2584307d8e47,slip,0.05,0,exact,value,learned,1e-06,"x0,x1,x2",3.0549009421557276,1.7933615010198076,1.26153944113592,43.938834943771845,1.26153944113592,2.929255662918123,1.3247464612360584,1.7301544809196692,hartmann_3
16,2.341931958870968e-08,0.5908040340633278,0.6445991171530051,1.4642416758916774,1.4642416758916774,1.2179908001035078,0.07468403122782862,True,True,0.0,logei,0.3213372000027448,False,8,e79ab9a6-71e3-4ecf-8e78-2584307d8e47,slip,0.05,0,exact,value,learned,1e-06,"x0,x1,x2",3.0549009421557276,1.7933615010198076,1.5906592662640502,45.52949421003589,1.26153944113592,2.8455933881272433,1.3247464612360584,1.7301544809196692,hartmann_3
17,0.17133470717599789,0.33972220932866803,0.7001619157215655,0.048753782000462396,0.048753782000462396,0.7551893725642782,0.06991832127415867,True,True,0.0,logei,0.41073210001923144,False,8,e79ab9a6-71e3-4ecf-8e78-2584307d8e47,slip,0.05,0,exact,value,learned,1e-06,"x0,x1,x2",3.0549009421557276,1.7933615010198076,3.0061471601552654,48.53564137019116,1.26153944113592,2.855037727658303,1.3247464612360584,1.7301544809196692,hartmann_3
18,0.0,0.6357961318464374,0.6008424717974128,1.4004820999919971,1.4004820999919971,1.225613264116626,0.0954517178831657,True,True,0.0,logei,0.33270919998176396,False,8,e79ab9a6-71e3-4ecf-8e78-2584307d8e47,slip,0.05,0,exact,value,learned,1e-06,"x0,x1,x2",3.0549009421557276,1.7933615010198076,1.6544188421637305,50.19006021235489,1.26153944113592,2.7883366784641606,1.3247464612360584,1.7301544809196692,hartmann_3
19,3.946338590491503e-08,0.6754254994516813,0.4425418984633569,0.6000456523495215,0.6000456523495215,0.46029775645124005,0.02668980846902909,True,True,0.0,logei,0.2705223000375554,False,8,e79ab9a6-71e3-4ecf-8e78-2584307d8e47,slip,0.05,0,exact,value,learned,1e-06,"x0,x1,x2",3.0549009421557276,1.7933615010198076,2.454855289806206,52.64491550216109,1.26153944113592,2.770785026429531,1.3247464612360584,1.7301544809196692,hartmann_3
20,0.0,0.7089575067335235,0.6568843633174626,1.4980970943513097,1.4980970943513097,1.617192934863495,0.060412670944037995,True,True,0.0,logei,0.28534609999042004,False,8,e79ab9a6-71e3-4ecf-8e78-2584307d8e47,slip,0.05,0,exact,value,learned,1e-06,"x0,x1,x2",3.0549009421557276,1.7933615010198076,1.556803847804418,54.20171934996551,1.26153944113592,2.7100859674982756,1.3247464612360584,1.7301544809196692,hartmann_3
21,0.0,0.7521501980534014,0.6521961334828579,1.8252274199207452,1.8252274199207452,1.6951612335947377,0.04149616107559892,True,True,0.0,logei,0.2826426000101492,False,8,e79ab9a6-71e3-4ecf-8e78-2584307d8e47,slip,0.05,0,exact,value,learned,1e-06,"x0,x1,x2",3.0549009421557276,1.8252274199207452,1.2296735222349824,55.43139287220049,1.2296735222349824,2.639590136771452,1.6951612335947377,1.35973970856099,hartmann_3
22,0.0,0.838778940614295,0.6525459148669519,1.8094666304237619,1.8094666304237619,1.7003936812339548,0.0386856930138511,True,True,0.0,logei,0.2458440000191331,False,8,e79ab9a6-71e3-4ecf-8e78-2584307d8e47,slip,0.05,0,exact,value,learned,1e-06,"x0,x1,x2",3.0549009421557276,1.8252274199207452,1.2454343117319657,56.67682718393245,1.2296735222349824,2.576219417451475,1.6951612335947377,1.35973970856099,hartmann_3
23,0.0,0.8866470238753418,0.6500747414731189,2.0572317684059835,2.0572317684059835,1.6227719548032193,0.06860925100734687,True,True,0.0,logei,0.30459670000709593,False,8,e79ab9a6-71e3-4ecf-8e78-2584307d8e47,slip,0.05,0,exact,value,learned,1e-06,"x0,x1,x2",3.0549009421557276,2.0572317684059835,0.9976691737497441,57.674496357682195,0.9976691737497441,2.507586798160095,1.6227719548032193,1.4321289873525083,hartmann_3
24,0.009399294710637489,0.9307636331880159,0.6245439593497938,1.7539230695813646,1.7539230695813646,1.7148035259284338,0.10436464708878329,True,True,0.0,logei,0.2792591000907123,False,8,e79ab9a6-71e3-4ecf-8e78-2584307d8e47,slip,0.05,0,exact,value,learned,1e-06,"x0,x1,x2",3.0549009421557276,2.0572317684059835,1.300977872574363,58.97547423025656,0.9976691737497441,2.45731142626069,1.6227719548032193,1.4321289873525083,hartmann_3
25,0.0,0.9638515089583009,0.6897339287977731,0.7759080019846939,0.7759080019846939,0.8958981986117861,0.036451489166004034,True,True,0.0,logei,0.2790562000591308,False,8,e79ab9a6-71e3-4ecf-8e78-2584307d8e47,slip,0.05,0,exact,value,learned,1e-06,"x0,x1,x2",3.0549009421557276,2.0572317684059835,2.2789929401710336,61.254467170427596,0.9976691737497441,2.450178686817104,1.6227719548032193,1.4321289873525083,hartmann_3
26,0.0,0.8114236504322949,0.6289860381432908,2.0596695938546308,2.0596695938546308,1.8719215018195405,0.04129462095285541,True,True,0.0,logei,0.2552548999665305,False,8,e79ab9a6-71e3-4ecf-8e78-2584307d8e47,slip,0.05,0,exact,value,learned,1e-06,"x0,x1,x2",3.0549009421557276,2.0596695938546308,0.9952313483010968,62.24969851872869,0.9952313483010968,2.3942191737972576,1.8719215018195405,1.182979440336187,hartmann_3
27,0.0,0.8355089990052388,0.5887421345753127,1.6153828540919764,1.6153828540919764,2.0852383121447806,0.08567381010306035,True,True,0.0,logei,0.17533260001800954,False,8,e79ab9a6-71e3-4ecf-8e78-2584307d8e47,slip,0.05,0,exact,value,learned,1e-06,"x0,x1,x2",3.0549009421557276,2.0596695938546308,1.4395180880637513,63.68921660679244,0.9952313483010968,2.358859874325646,1.8719215018195405,1.182979440336187,hartmann_3
28,0.0,0.8104928602782314,0.6007689177335206,1.9171227988865462,1.9171227988865462,2.0099422575713146,0.020273731640591215,True,True,0.0,logei,0.3170988999772817,False,8,e79ab9a6-71e3-4ecf-8e78-2584307d8e47,slip,0.05,0,exact,value,learned,1e-06,"x0,x1,x2",3.0549009421557276,2.0596695938546308,1.1377781432691814,64.82699475006163,0.9952313483010968,2.315249812502201,1.8719215018195405,1.182979440336187,hartmann_3
29,0.0,0.8124270397097478,0.6000015256331473,1.8409120671788564,1.8409120671788564,2.016178293425685,0.07872160750733587,True,True,0.0,logei,0.3579262000275776,False,8,e79ab9a6-71e3-4ecf-8e78-2584307d8e47,slip,0.05,0,exact,value,learned,1e-06,"x0,x1,x2",3.0549009421557276,2.0596695938546308,1.2139888749768712,66.0409836250385,0.9952313483010968,2.277275297415121,1.8719215018195405,1.182979440336187,hartmann_3
30,0.02838495620675237,0.8217665128411317,0.6044206936394231,2.1089439622999646,2.1089439622999646,2.056599494447631,0.08828490869934642,True,True,0.0,logei,0.35153780004475266,False,8,e79ab9a6-71e3-4ecf-8e78-2584307d8e47,slip,0.05,0,exact,value,learned,1e-06,"x0,x1,x2",3.0549009421557276,2.1089439622999646,0.945956979855763,66.98694060489427,0.945956979855763,2.2328980201631423,2.056599494447631,0.9983014477080965,hartmann_3
31,0.3782923425180313,0.8119201759112862,0.6274404773191252,1.1525338310418627,1.1525338310418627,1.469606241609566,0.10315531905484017,True,True,0.0,logei,0.296025300049223,False,8,e79ab9a6-71e3-4ecf-8e78-2584307d8e47,slip,0.05,0,exact,value,learned,1e-06,"x0,x1,x2",3.0549009421557276,2.1089439622999646,1.902367111113865,68.88930771600813,0.945956979855763,2.2222357327744557,2.056599494447631,0.9983014477080965,hartmann_3
32,0.8027874887948927,0.02778793441640046,0.7553605581667723,-0.8172825673373767,-0.8172825673373767,-0.667568808775932,0.09486472076722527,True,True,0.0,logei,0.24529890005942434,False,8,e79ab9a6-71e3-4ecf-8e78-2584307d8e47,slip,0.05,0,exact,value,learned,1e-06,"x0,x1,x2",3.0549009421557276,2.1089439622999646,3.8721835094931043,72.76149122550123,0.945956979855763,2.2737966007969135,2.056599494447631,0.9983014477080965,hartmann_3
33,0.0,0.8415950389142279,0.6269185134273176,1.8811668279622054,1.8811668279622054,1.8894317534029845,0.001660448754715839,True,True,0.0,logei,0.276978199952282,False,8,e79ab9a6-71e3-4ecf-8e78-2584307d8e47,slip,0.05,0,exact,value,learned,1e-06,"x0,x1,x2",3.0549009421557276,2.1089439622999646,1.1737341141935222,73.93522533969475,0.945956979855763,2.240461373930144,2.056599494447631,0.9983014477080965,hartmann_3
34,0.0,0.8427454172533348,0.6258918082446894,1.9377535731447808,1.9377535731447808,1.8959994957538706,0.018890689465372933,True,True,0.0,logei,0.3073843999300152,False,8,e79ab9a6-71e3-4ecf-8e78-2584307d8e47,slip,0.05,0,exact,value,learned,1e-06,"x0,x1,x2",3.0549009421557276,2.1089439622999646,1.1171473690109468,75.0523727087057,0.945956979855763,2.207422726726638,2.056599494447631,0.9983014477080965,hartmann_3
35,0.08565360903812044,0.8079223595853621,0.6262693661356692,2.1156824093746587,2.1156824093746587,1.9723285606697303,0.11616614093506245,True,True,0.0,logei,0.3775771999498829,False,8,e79ab9a6-71e3-4ecf-8e78-2584307d8e47,slip,0.05,0,exact,value,learned,1e-06,"x0,x1,x2",3.0549009421557276,2.1156824093746587,0.9392185327810689,75.99159124148677,0.9392185327810689,2.1711883211853364,1.9723285606697303,1.0825723814859973,hartmann_3
36,0.0843372568980338,0.8060505424488623,0.6264900772022383,1.8480000370925245,1.8480000370925245,1.9684812636713676,0.03479245681257946,True,True,0.0,logei,0.3642540000146255,False,8,e79ab9a6-71e3-4ecf-8e78-2584307d8e47,slip,0.05,0,exact,value,learned,1e-06,"x0,x1,x2",3.0549009421557276,2.1156824093746587,1.2069009050632031,77.19849214654998,0.9392185327810689,2.1444025596263883,1.9723285606697303,1.0825723814859973,hartmann_3
37,0.0,0.7966019396888037,0.6274375042197188,1.653602806054218,1.653602806054218,1.8654799702179405,0.05061577775823462,True,True,0.0,logei,0.3081116999965161,False,8,e79ab9a6-71e3-4ecf-8e78-2584307d8e47,slip,0.05,0,exact,value,learned,1e-06,"x0,x1,x2",3.0549009421557276,2.1156824093746587,1.4012981361015096,78.5997902826515,0.9392185327810689,2.1243186562878784,1.9723285606697303,1.0825723814859973,hartmann_3
38,0.07641115574074286,0.8139641314686393,0.625175019831753,1.9125013348697344,1.9125013348697344,1.9805504163677803,0.03403452276703643,True,True,0.0,logei,0.5297710000304505,False,8,e79ab9a6-71e3-4ecf-8e78-2584307d8e47,slip,0.05,0,exact,value,learned,1e-06,"x0,x1,x2",3.0549009421557276,2.1156824093746587,1.1423996072859932,79.74218988993749,0.9392185327810689,2.0984786813141447,1.9723285606697303,1.0825723814859973,hartmann_3
39,0.06910909240553006,0.8681734122264899,0.6104520331719129,1.4034492463872257,1.4034492463872257,2.0651996847069345,0.07479244312119784,True,True,0.0,logei,0.3640406000195071,False,8,e79ab9a6-71e3-4ecf-8e78-2584307d8e47,slip,0.05,0,exact,value,learned,1e-06,"x0,x1,x2",3.0549009421557276,2.1156824093746587,1.651451695768502,81.39364158570599,0.9392185327810689,2.0870164509155384,1.9723285606697303,1.0825723814859973,hartmann_3
40,0.0,0.20536882692845268,0.3745215605320983,-0.4550758822384883,-0.4550758822384883,-0.5127619618200421,0.02530649223561261,True,True,0.0,logei,0.32896810001693666,False,8,e79ab9a6-71e3-4ecf-8e78-2584307d8e47,slip,0.05,0,exact,value,learned,1e-06,"x0,x1,x2",3.0549009421557276,2.1156824093746587,3.509976824394216,84.90361841010021,0.9392185327810689,2.122590460252505,1.9723285606697303,1.0825723814859973,hartmann_3
41,0.0,0.7832348187863138,0.628619229792706,1.6875664192365576,1.6875664192365576,1.839158927976337,0.03954700677039542,True,True,0.0,logei,0.33154749998357147,False,8,e79ab9a6-71e3-4ecf-8e78-2584307d8e47,slip,0.05,0,exact,value,learned,1e-06,"x0,x1,x2",3.0549009421557276,2.1156824093746587,1.36733452291917,86.27095293301937,0.9392185327810689,2.1041695837321797,1.9723285606697303,1.0825723814859973,hartmann_3
42,0.0,0.8316304681781086,0.6582699043003554,1.8853494567006028,1.8853494567006028,1.6656682475466007,0.07185955569134195,True,True,0.0,logei,0.36392789997626096,False,8,e79ab9a6-71e3-4ecf-8e78-2584307d8e47,slip,0.05,0,exact,value,learned,1e-06,"x0,x1,x2",3.0549009421557276,2.1156824093746587,1.1695514854551248,87.4405044184745,0.9392185327810689,2.0819167718684404,1.9723285606697303,1.0825723814859973,hartmann_3
43,0.0,0.8332765368859362,0.6524789127143633,2.1184378553990464,2.1184378553990464,1.7074412879052494,0.1463448642285074,True,True,0.0,logei,0.3147012999979779,False,8,e79ab9a6-71e3-4ecf-8e78-2584307d8e47,slip,0.05,0,exact,value,learned,1e-06,"x0,x1,x2",3.0549009421557276,2.1184378553990464,0.9364630867566812,88.37696750523118,0.9364630867566812,2.0552783140751436,1.7074412879052494,1.3474596542504782,hartmann_3
44,0.0,0.8333458253634398,0.6626836002973204,1.128709380950088,1.128709380950088,1.6298667723858724,0.07931441496439315,True,True,0.0,logei,0.30763980001211166,False,8,e79ab9a6-71e3-4ecf-8e78-2584307d8e47,slip,0.05,0,exact,value,learned,1e-06,"x0,x1,x2",3.0549009421557276,2.1184378553990464,1.9261915612056395,90.30315906643682,0.9364630867566812,2.0523445242372005,1.7074412879052494,1.3474596542504782,hartmann_3
45,0.0,0.7911266762688023,0.6270830360257553,1.9886649334780562,1.9886649334780562,1.8594294743874786,0.13754263875773953,True,True,0.0,logei,0.3607371000107378,False,8,e79ab9a6-71e3-4ecf-8e78-2584307d8e47,slip,0.05,0,exact,value,learned,1e-06,"x0,x1,x2",3.0549009421557276,2.1184378553990464,1.0662360086776714,91.3693950751145,0.9364630867566812,2.030431001669211,1.7074412879052494,1.3474596542504782,hartmann_3
46,0.0,0.7904279434137341,0.6272589823609972,1.9513490785869112,1.9513490785869112,1.8574856813161829,0.0704393421097311,True,True,0.0,logei,0.3487475001020357,False,8,e79ab9a6-71e3-4ecf-8e78-2584307d8e47,slip,0.05,0,exact,value,learned,1e-06,"x0,x1,x2",3.0549009421557276,2.1184378553990464,1.1035518635688164,92.47294693868331,0.9364630867566812,2.0102814551887676,1.7074412879052494,1.3474596542504782,hartmann_3
47,0.0,0.790334747149032,0.6273833348891129,1.8399139349327112,1.8399139349327112,1.8567325094786877,0.020584522131350716,True,True,0.0,logei,0.3501710999989882,False,8,e79ab9a6-71e3-4ecf-8e78-2584307d8e47,slip,0.05,0,exact,value,learned,1e-06,"x0,x1,x2",3.0549009421557276,2.1184378553990464,1.2149870072230164,93.68793394590632,0.9364630867566812,1.9933602967214112,1.7074412879052494,1.3474596542504782,hartmann_3
48,0.2864691125086095,1.0,0.5102157609824928,0.6961795440466234,0.6961795440466234,1.3166307660574343,0.07042972261584014,True,True,0.0,logei,0.37703630002215505,False,8,e79ab9a6-71e3-4ecf-8e78-2584307d8e47,slip,0.05,0,exact,value,learned,1e-06,"x0,x1,x2",3.0549009421557276,2.1184378553990464,2.358721398109104,96.04665534401542,0.9364630867566812,2.0009719863336546,1.7074412879052494,1.3474596542504782,hartmann_3
49,0.0,0.7921552398675706,0.6044674049569129,1.144956920820147,1.144956920820147,1.9577914212432772,0.15561128286352283,True,True,0.0,logei,0.30037980002816767,False,8,e79ab9a6-71e3-4ecf-8e78-2584307d8e47,slip,0.05,0,exact,value,learned,1e-06,"x0,x1,x2",3.0549009421557276,2.1184378553990464,1.9099440213355805,97.956599365351,0.9364630867566812,1.9991142727622653,1.7074412879052494,1.3474596542504782,hartmann_3
50,0.0,0.8005316154726765,0.6078628513451113,2.042298625205604,2.042298625205604,1.9635502352289214,0.10424596282492189,True,True,0.0,logei,0.31901590002235025,False,8,e79ab9a6-71e3-4ecf-8e78-2584307d8e47,slip,0.05,0,exact,value,learned,1e-06,"x0,x1,x2",3.0549009421557276,2.1184378553990464,1.0126023169501237,98.96920168230112,0.9364630867566812,1.9793840336460224,1.7074412879052494,1.3474596542504782,hartmann_3
